date,1y1y,2y1y,3y1y,4y1y,5y1y,6y1y,7y1y,8y1y,9y1y,1y2y,2y2y,3y2y,4y2y,5y2y,6y2y,7y2y,8y2y,10y2y,12y3y,1y5y,2y5y,3y5y,5y5y,7y5y,10y5y,15y5y,20y5y,1y10y,2y10y,3y10y,5y10y,10y10y,20y10y,2y15y,5y15y,10y15y,1y20y,2y20y,5y20y,10y20y,2y25y,5y25y,2y30y,5y30y,1y30y,30y20y
2025-06-17,2.5366,2.5875,2.6005,2.5979,2.5898,2.5804,2.5723,2.5658,2.5599,2.5618,2.5939,2.5992,2.5939,2.5852,2.5764,2.5691,2.5629,2.5558,2.5512,2.5819,2.5913,2.5886,2.574,2.5622,2.5531,2.5492,2.5485,2.5751,2.5777,2.5743,2.5642,2.5513,2.5483,2.5697,2.5598,2.5504,2.5643,2.5655,2.5575,2.55,2.5628,2.5561,2.5613,2.5557,2.5603,2.5533
2025-06-18,2.5621,2.6122,2.6247,2.6214,2.6116,2.6013,2.5932,2.586,2.5806,2.5868,2.6183,2.623,2.6165,2.6065,2.5973,2.5896,2.5833,2.5751,2.571,2.6058,2.6144,2.6108,2.5949,2.5823,2.5727,2.5685,2.5678,2.5974,2.5993,2.5954,2.5845,2.5708,2.568,2.5909,2.5799,2.5699,2.5854,2.5862,2.5774,2.5695,2.5834,2.576,2.5819,2.5758,2.5811,2.5742
2025-06-19,2.6271,2.6751,2.6864,2.682,2.6724,2.6618,2.6537,2.6458,2.6408,2.6508,2.6807,2.6842,2.6773,2.6672,2.6578,2.6498,2.6434,2.636,2.6313,2.6681,2.6758,2.6717,2.6553,2.6427,2.6333,2.6288,2.6279,2.6588,2.6603,2.6562,2.645,2.6312,2.6279,2.6517,2.6403,2.6302,2.6464,2.6469,2.6378,2.6297,2.644,2.6363,2.6424,2.6361,2.6419,2.6353
2025-06-20,2.7072,2.7475,2.7542,2.7474,2.7356,2.7245,2.7157,2.7071,2.7021,2.7271,2.7508,2.7509,2.7416,2.7301,2.7201,2.7114,2.7046,2.6966,2.6918,2.7381,2.7422,2.736,2.7174,2.7038,2.6938,2.6897,2.6889,2.7249,2.7243,2.7189,2.7064,2.6919,2.6887,2.7147,2.7016,2.691,2.7102,2.7095,2.699,2.6905,2.7064,2.6974,2.7048,2.6977,2.705,2.6998
2025-06-23,2.7194,2.7614,2.7694,2.7633,2.7532,2.7426,2.734,2.7273,2.7212,2.7401,2.7653,2.7663,2.7583,2.748,2.7383,2.7307,2.7243,2.7167,2.7119,2.7529,2.7582,2.753,2.7361,2.7234,2.7139,2.7094,2.7092,2.7417,2.742,2.7372,2.7257,2.7118,2.7088,2.733,2.721,2.711,2.7284,2.7282,2.7186,2.7105,2.7253,2.717,2.7238,2.7172,2.7237,2.7181
2025-06-24,2.6874,2.7386,2.7553,2.7562,2.7507,2.7442,2.7376,2.7333,2.7286,2.7127,2.7469,2.7558,2.7535,2.7475,2.741,2.7355,2.731,2.7248,2.7218,2.7369,2.749,2.7491,2.7392,2.73,2.7231,2.7194,2.7197,2.7356,2.7401,2.7388,2.7317,2.7214,2.7194,2.7346,2.7281,2.7209,2.7291,2.7315,2.7264,2.7205,2.7297,2.7253,2.7285,2.7246,2.7267,2.7191
2025-06-25,2.6462,2.7038,2.7245,2.7283,2.7239,2.7188,2.7136,2.7079,2.7039,2.6746,2.714,2.7264,2.7261,2.7214,2.7162,2.7108,2.7059,2.7011,2.6971,2.7044,2.7197,2.722,2.7139,2.7057,2.6988,2.6956,2.6951,2.7067,2.7132,2.7129,2.7068,2.6973,2.6953,2.7083,2.7036,2.6967,2.7023,2.7057,2.7019,2.6964,2.7041,2.7009,2.703,2.6998,2.7005,2.6917
2025-06-26,2.5912,2.6586,2.6837,2.6896,2.6868,2.6812,2.6767,2.6707,2.6676,2.6245,2.671,2.6866,2.6882,2.6841,2.679,2.6737,2.6691,2.6628,2.6599,2.6608,2.6797,2.6837,2.6769,2.6683,2.6611,2.658,2.6576,2.6662,2.6744,2.675,2.6695,2.6597,2.6578,2.67,2.6662,2.6591,2.663,2.6675,2.6644,2.6588,2.666,2.6635,2.6648,2.662,2.6616,2.6512
2025-06-27,2.5714,2.6385,2.665,2.6728,2.672,2.6675,2.6632,2.6591,2.656,2.6045,2.6516,2.6689,2.6724,2.6698,2.6654,2.6611,2.6575,2.6526,2.6497,2.6427,2.6628,2.6681,2.6638,2.6568,2.6509,2.6479,2.6483,2.6508,2.66,2.6617,2.6577,2.6495,2.6481,2.6569,2.6549,2.6491,2.65,2.655,2.6535,2.6489,2.654,2.6527,2.6528,2.651,2.6493,2.6388
2025-06-30,2.5399,2.607,2.6353,2.644,2.6452,2.6417,2.6385,2.6345,2.6323,2.573,2.621,2.6396,2.6446,2.6435,2.6401,2.6365,2.6334,2.6296,2.6268,2.613,2.6342,2.6409,2.6386,2.633,2.628,2.6255,2.6247,2.6236,2.6337,2.6362,2.6336,2.6268,2.6253,2.6316,2.6313,2.6262,2.6247,2.6302,2.6299,2.6261,2.6294,2.6293,2.6285,2.6275,2.6246,2.614
2025-07-01,2.5466,2.616,2.6454,2.6558,2.6573,2.6545,2.6523,2.6485,2.646,2.5809,2.6305,2.6505,2.6565,2.6559,2.6534,2.6504,2.6473,2.6437,2.6409,2.6228,2.6453,2.653,2.6519,2.647,2.642,2.64,2.6396,2.6352,2.6461,2.6492,2.6473,2.6411,2.6395,2.6445,2.6452,2.6406,2.6375,2.6435,2.644,2.6404,2.6429,2.6433,2.6419,2.6414,2.6377,2.6267
2025-07-02,2.5465,2.6074,2.6305,2.6369,2.6357,2.6312,2.6273,2.6236,2.6205,2.5765,2.6188,2.6337,2.6363,2.6334,2.6292,2.6255,2.6221,2.6164,2.6141,2.6103,2.628,2.6324,2.6278,2.621,2.6151,2.6128,2.6125,2.6168,2.6247,2.6258,2.6219,2.614,2.6125,2.6216,2.6192,2.6136,2.6153,2.6197,2.6178,2.6134,2.6186,2.617,2.6176,2.6156,2.6145,2.6051
2025-07-03,2.5017,2.56,2.5833,2.5904,2.589,2.5861,2.5831,2.5787,2.5755,2.5305,2.5715,2.5868,2.5897,2.5875,2.5846,2.5809,2.5771,2.5735,2.5707,2.5638,2.5814,2.5864,2.5826,2.577,2.5719,2.5698,2.569,2.5712,2.5794,2.5809,2.5776,2.5709,2.5692,2.5767,2.5753,2.5703,2.5709,2.5753,2.574,2.5701,2.5743,2.5733,2.5733,2.5719,2.5702,2.5612
2025-07-04,2.4739,2.5417,2.5729,2.5854,2.5891,2.5894,2.5879,2.5864,2.5845,2.5074,2.5571,2.5791,2.5873,2.5893,2.5887,2.5872,2.5855,2.5821,2.5811,2.5512,2.5752,2.5848,2.5875,2.5847,2.5815,2.5798,2.5796,2.5676,2.5796,2.5841,2.5847,2.5807,2.5801,2.58,2.5833,2.5804,2.5732,2.5799,2.5825,2.5805,2.5799,2.5823,2.5792,2.58,2.5746,2.5636
2025-07-07,2.4967,2.5597,2.5879,2.5977,2.5997,2.5985,2.5961,2.5934,2.5916,2.5278,2.5736,2.5927,2.5987,2.5991,2.5973,2.5947,2.5925,2.5896,2.5874,2.5671,2.5882,2.5959,2.5959,2.5921,2.5883,2.586,2.5866,2.5797,2.5901,2.5934,2.5924,2.5872,2.5863,2.5892,2.5905,2.5871,2.5828,2.5885,2.5897,2.5868,2.5882,2.5891,2.5874,2.5873,2.5834,2.5733
2025-07-08,2.4778,2.5424,2.5726,2.5853,2.5899,2.59,2.5888,2.5868,2.5867,2.5097,2.5573,2.5789,2.5876,2.59,2.5894,2.5878,2.5867,2.5843,2.5827,2.5522,2.5755,2.5851,2.5885,2.5862,2.5834,2.5819,2.5824,2.5688,2.5805,2.5851,2.5861,2.5827,2.5823,2.5811,2.5849,2.5826,2.5747,2.5813,2.5844,2.5825,2.5814,2.584,2.5808,2.5818,2.5762,2.5657
2025-07-09,2.4459,2.5145,2.5462,2.559,2.5626,2.5626,2.5605,2.559,2.5581,2.4798,2.5301,2.5525,2.5608,2.5626,2.5615,2.5597,2.5585,2.5548,2.5537,2.5242,2.5484,2.558,2.5606,2.5575,2.5542,2.5529,2.5524,2.5406,2.5527,2.5571,2.5576,2.5536,2.5525,2.5529,2.5562,2.5532,2.5461,2.5529,2.5554,2.5531,2.5528,2.555,2.552,2.5528,2.5474,2.5363
2025-07-10,2.4393,2.5162,2.553,2.5684,2.5746,2.5756,2.5745,2.5732,2.5714,2.4772,2.5344,2.5606,2.5715,2.5751,2.5751,2.5739,2.5723,2.5702,2.568,2.5287,2.5568,2.569,2.5739,2.572,2.5689,2.5677,2.5676,2.5495,2.5639,2.5698,2.5716,2.5683,2.5677,2.5651,2.5704,2.5681,2.5576,2.5656,2.5698,2.5681,2.5659,2.5696,2.5652,2.5669,2.5597,2.5471
2025-07-11,2.4171,2.4983,2.537,2.5535,2.5593,2.5605,2.5599,2.5576,2.5566,2.4572,2.5174,2.5451,2.5563,2.5599,2.5602,2.5588,2.5571,2.5549,2.5528,2.5113,2.5409,2.5537,2.5588,2.5569,2.5537,2.552,2.5521,2.5332,2.5484,2.5546,2.5564,2.5529,2.5525,2.5496,2.5551,2.5526,2.5417,2.5501,2.5545,2.5527,2.5504,2.5543,2.5497,2.5515,2.5439,2.5307
2025-07-14,2.4756,2.549,2.5827,2.5969,2.6017,2.6017,2.6005,2.5985,2.5966,2.5118,2.5656,2.5897,2.5993,2.6017,2.6011,2.5995,2.5976,2.5949,2.5933,2.5596,2.5858,2.5965,2.5999,2.5972,2.594,2.5925,2.5923,2.5779,2.5911,2.5962,2.5971,2.5933,2.5926,2.5917,2.5958,2.593,2.5845,2.5918,2.5951,2.593,2.5919,2.5947,2.5912,2.5923,2.5861,2.5742
2025-07-15,2.474,2.546,2.578,2.5896,2.5926,2.5917,2.5889,2.5864,2.5842,2.5095,2.5618,2.5837,2.5911,2.5922,2.5903,2.5877,2.5853,2.5816,2.5793,2.5546,2.579,2.5881,2.5889,2.5846,2.5803,2.5785,2.5782,2.5697,2.5817,2.5856,2.5849,2.5794,2.5785,2.5809,2.583,2.5791,2.5738,2.5804,2.582,2.579,2.5801,2.5815,2.5792,2.5793,2.5746,2.5631
2025-07-16,2.4428,2.5162,2.5504,2.5645,2.5688,2.5689,2.5676,2.5657,2.5648,2.4791,2.5331,2.5573,2.5666,2.5688,2.5682,2.5666,2.5653,2.5622,2.5605,2.527,2.5531,2.5638,2.5672,2.5646,2.5612,2.5593,2.5594,2.5453,2.5585,2.5635,2.5644,2.5603,2.5597,2.559,2.5629,2.56,2.5517,2.559,2.5622,2.56,2.5591,2.5618,2.5584,2.5594,2.5533,2.5414
2025-07-17,2.4103,2.482,2.5132,2.5245,2.5261,2.5245,2.5219,2.519,2.5163,2.4457,2.4974,2.5188,2.5253,2.5253,2.5232,2.5205,2.5177,2.5137,2.5114,2.4898,2.5136,2.522,2.5217,2.517,2.5124,2.5101,2.5101,2.5037,2.5152,2.5187,2.5173,2.5113,2.51,2.514,2.5152,2.511,2.5068,2.5132,2.5142,2.5108,2.5127,2.5135,2.5117,2.5114,2.5073,2.496
2025-07-18,2.4262,2.4927,2.5197,2.5281,2.5273,2.5243,2.5205,2.5168,2.5142,2.4591,2.506,2.5239,2.5277,2.5258,2.5224,2.5187,2.5155,2.5108,2.508,2.4976,2.5181,2.524,2.5208,2.5147,2.5092,2.5066,2.5061,2.507,2.5165,2.5185,2.5153,2.508,2.5064,2.5139,2.5128,2.5074,2.5072,2.5123,2.5114,2.5073,2.5114,2.5107,2.5104,2.509,2.5068,2.4965
2025-07-21,2.4137,2.4797,2.5043,2.5104,2.5077,2.5025,2.4977,2.4925,2.4894,2.4463,2.4918,2.5073,2.5091,2.5051,2.5001,2.4951,2.491,2.4854,2.4819,2.4821,2.5007,2.5046,2.4982,2.4902,2.4834,2.4801,2.4803,2.4876,2.4958,2.4965,2.4912,2.4818,2.4802,2.4915,2.488,2.4814,2.4848,2.4891,2.4864,2.4811,2.4878,2.4854,2.4866,2.484,2.4835,2.4735
2025-07-22,2.4196,2.4767,2.4985,2.504,2.5026,2.4981,2.494,2.4904,2.4867,2.4478,2.4874,2.5012,2.5033,2.5003,2.496,2.4922,2.4886,2.4836,2.4808,2.4793,2.4957,2.4995,2.4945,2.4878,2.482,2.4799,2.4794,2.4847,2.492,2.4928,2.4886,2.481,2.4792,2.4886,2.4861,2.4805,2.4829,2.4868,2.4847,2.4802,2.4856,2.4838,2.4845,2.4825,2.4818,2.4731
2025-07-23,2.4584,2.5134,2.534,2.5385,2.5366,2.5315,2.5281,2.5229,2.5205,2.4856,2.5236,2.5362,2.5375,2.5341,2.5298,2.5255,2.5217,2.5174,2.5145,2.5153,2.5306,2.5338,2.5281,2.5214,2.5157,2.5131,2.5123,2.5196,2.5263,2.5268,2.5223,2.5145,2.5129,2.5227,2.5196,2.5139,2.5171,2.5207,2.5181,2.5138,2.5194,2.5174,2.5185,2.5162,2.5159,2.5076
2025-07-24,2.4324,2.4972,2.5253,2.5347,2.5356,2.5331,2.5305,2.5275,2.5256,2.4644,2.5111,2.5299,2.5351,2.5344,2.5318,2.529,2.5266,2.5225,2.5203,2.5038,2.5248,2.5318,2.5306,2.5258,2.5212,2.519,2.5187,2.5152,2.5253,2.5281,2.5262,2.5202,2.5188,2.5237,2.5241,2.5197,2.5172,2.5227,2.523,2.5196,2.5221,2.5224,2.5212,2.5205,2.5173,2.5071
2025-07-25,2.4691,2.5254,2.5475,2.5532,2.5526,2.5489,2.5459,2.5418,2.5382,2.4969,2.5363,2.5503,2.5529,2.5508,2.5474,2.5439,2.54,2.5362,2.5334,2.5286,2.5453,2.5497,2.5457,2.5398,2.5346,2.5325,2.5315,2.5351,2.5427,2.5439,2.5405,2.5336,2.5318,2.5399,2.5381,2.533,2.5342,2.5383,2.5368,2.5328,2.5372,2.5361,2.5363,2.5347,2.5334,2.5248
2025-07-28,2.4309,2.4917,2.5161,2.5225,2.5217,2.5184,2.5134,2.5101,2.5083,2.4609,2.5038,2.5193,2.5221,2.5201,2.516,2.5118,2.5092,2.5042,2.5014,2.4955,2.5138,2.5185,2.5146,2.5082,2.5026,2.5,2.5003,2.5029,2.5112,2.5126,2.5089,2.5014,2.5002,2.5082,2.5063,2.501,2.502,2.5065,2.5051,2.5008,2.5055,2.5043,2.5045,2.5028,2.5013,2.492
2025-07-29,2.4429,2.506,2.5305,2.5376,2.5368,2.5321,2.5282,2.5253,2.5206,2.474,2.5181,2.534,2.5372,2.5345,2.5302,2.5268,2.523,2.5182,2.5154,2.5097,2.5283,2.5331,2.5288,2.5222,2.5166,2.514,2.5139,2.5169,2.5255,2.5269,2.5231,2.5154,2.5138,2.5224,2.5204,2.5149,2.516,2.5206,2.5191,2.5147,2.5196,2.5182,2.5185,2.5167,2.5153,2.5056
2025-07-30,2.4584,2.5157,2.5376,2.5428,2.5407,2.5367,2.5326,2.5281,2.5241,2.4867,2.5265,2.5401,2.5417,2.5387,2.5347,2.5304,2.5261,2.5221,2.5186,2.5181,2.5345,2.5382,2.5326,2.5259,2.52,2.5177,2.517,2.5232,2.5305,2.5312,2.5267,2.519,2.5171,2.5269,2.5241,2.5184,2.5211,2.525,2.5226,2.5181,2.5237,2.5218,2.5227,2.5205,2.5199,2.5112
2025-07-31,2.4282,2.4882,2.5134,2.5217,2.5224,2.5197,2.5171,2.5148,2.5108,2.4579,2.5007,2.5175,2.522,2.521,2.5184,2.516,2.5129,2.5095,2.5067,2.4937,2.5127,2.5188,2.5171,2.5125,2.5078,2.5058,2.5056,2.5035,2.5126,2.515,2.5128,2.5069,2.5056,2.5108,2.5107,2.5065,2.5048,2.5097,2.5097,2.5063,2.5091,2.5091,2.5082,2.5074,2.5048,2.4954
2025-08-01,2.4472,2.5053,2.529,2.5359,2.5361,2.533,2.5293,2.5269,2.5242,2.4759,2.517,2.5324,2.536,2.5346,2.5311,2.5281,2.5256,2.5208,2.5192,2.5097,2.5275,2.5327,2.53,2.5245,2.5199,2.5173,2.5174,2.5179,2.5261,2.5279,2.5253,2.5187,2.5175,2.5239,2.5229,2.5183,2.518,2.5225,2.5218,2.5181,2.5218,2.5211,2.5208,2.5197,2.5177,2.5087
2025-08-04,2.4133,2.4792,2.5085,2.5201,2.5223,2.5211,2.5198,2.5172,2.5152,2.4458,2.4936,2.5142,2.5212,2.5217,2.5204,2.5185,2.5162,2.5129,2.5112,2.4874,2.5097,2.5182,2.5192,2.5157,2.5119,2.5099,2.5099,2.5015,2.5125,2.5163,2.5158,2.511,2.5098,2.5121,2.5141,2.5107,2.5055,2.5116,2.5132,2.5105,2.5113,2.5127,2.5105,2.5107,2.5063,2.4958
2025-08-05,2.3861,2.4566,2.4891,2.503,2.5069,2.5072,2.5051,2.5042,2.5018,2.4209,2.4726,2.496,2.5049,2.507,2.5061,2.5046,2.503,2.5002,2.4985,2.4669,2.492,2.5021,2.5051,2.5024,2.4992,2.4973,2.4979,2.4842,2.4968,2.5016,2.5023,2.4983,2.4976,2.4972,2.5009,2.4982,2.4903,2.4972,2.5002,2.498,2.4974,2.4998,2.4965,2.4975,2.4918,2.4804
2025-08-06,2.4363,2.4959,2.5211,2.5286,2.5295,2.5267,2.5239,2.5204,2.5181,2.4658,2.5084,2.5248,2.5291,2.5281,2.5253,2.5221,2.5193,2.5155,2.5138,2.5012,2.52,2.5259,2.5239,2.5188,2.5145,2.5119,2.5118,2.5106,2.5194,2.5217,2.5195,2.5133,2.5121,2.5176,2.5173,2.5129,2.5115,2.5164,2.5161,2.5128,2.5157,2.5156,2.5149,2.514,2.5115,2.5022
2025-08-07,2.4355,2.4945,2.5214,2.5316,2.534,2.533,2.5324,2.5294,2.5286,2.4646,2.5078,2.5264,2.5328,2.5335,2.5327,2.5309,2.529,2.5259,2.5248,2.5022,2.5225,2.5304,2.5316,2.5285,2.5253,2.5235,2.5237,2.5153,2.5253,2.5288,2.5286,2.5245,2.5238,2.5251,2.5271,2.5242,2.5192,2.5247,2.5264,2.5242,2.5246,2.526,2.5239,2.5242,2.52,2.5106
2025-08-08,2.4529,2.5122,2.5361,2.5422,2.5422,2.5385,2.5339,2.5313,2.5284,2.4822,2.524,2.5391,2.5422,2.5404,2.5362,2.5326,2.5299,2.5254,2.5225,2.516,2.5339,2.5386,2.535,2.529,2.5237,2.5216,2.5208,2.5234,2.5316,2.5331,2.5297,2.5227,2.521,2.5289,2.5273,2.5222,2.5229,2.5273,2.526,2.522,2.5263,2.5253,2.5253,2.5238,2.5222,2.5131
2025-08-11,2.4491,2.5072,2.5299,2.5363,2.5344,2.5318,2.5268,2.5238,2.5204,2.4778,2.5184,2.533,2.5353,2.5331,2.5294,2.5253,2.5221,2.5174,2.5151,2.5104,2.5277,2.5319,2.5276,2.5213,2.5161,2.5133,2.5134,2.5169,2.5247,2.5259,2.5222,2.5148,2.5134,2.5217,2.5196,2.5144,2.5157,2.5199,2.5183,2.5142,2.519,2.5176,2.518,2.5162,2.515,2.5061
2025-08-12,2.4177,2.4729,2.492,2.4957,2.4928,2.4871,2.4821,2.4771,2.4751,2.445,2.4823,2.4939,2.4943,2.49,2.4847,2.4796,2.4761,2.4707,2.4672,2.4734,2.488,2.4901,2.4831,2.4753,2.4686,2.4663,2.4654,2.476,2.482,2.4818,2.4763,2.4675,2.4656,2.4776,2.4734,2.4669,2.472,2.4752,2.4717,2.4667,2.4737,2.4708,2.4726,2.4698,2.4702,2.4621
2025-08-13,2.4512,2.5095,2.5297,2.5324,2.5284,2.5226,2.5163,2.5112,2.5081,2.48,2.5195,2.531,2.5304,2.5255,2.5195,2.5138,2.5097,2.5033,2.5005,2.5094,2.5244,2.526,2.5176,2.5086,2.5016,2.4981,2.4981,2.511,2.517,2.5164,2.5101,2.5,2.4981,2.5119,2.5066,2.4994,2.5058,2.509,2.5048,2.4992,2.5074,2.5038,2.5061,2.5028,2.5038,2.4952
2025-08-14,2.4099,2.4688,2.4869,2.4868,2.4794,2.4719,2.4638,2.458,2.4522,2.439,2.4777,2.4868,2.4831,2.4757,2.4679,2.4609,2.4551,2.4481,2.4435,2.4656,2.4787,2.4781,2.4654,2.4542,2.4454,2.442,2.4409,2.4626,2.4672,2.4651,2.456,2.4438,2.4409,2.4601,2.4519,2.4429,2.454,2.4563,2.4496,2.4425,2.4539,2.4483,2.4524,2.4475,2.4506,2.4423
2025-08-15,2.3571,2.4207,2.4423,2.445,2.4391,2.4326,2.4254,2.4188,2.4146,2.3885,2.4314,2.4437,2.4421,2.4359,2.429,2.4221,2.4167,2.4102,2.4062,2.4199,2.4358,2.4371,2.4264,2.416,2.4078,2.4043,2.4038,2.4203,2.4265,2.4255,2.4177,2.4062,2.4035,2.4204,2.4137,2.4055,2.4137,2.417,2.4117,2.405,2.4149,2.4103,2.4134,2.4093,2.4111,2.4018
2025-08-18,2.3125,2.3855,2.4132,2.4197,2.4175,2.4115,2.4061,2.4013,2.397,2.3486,2.3992,2.4164,2.4186,2.4145,2.4088,2.4037,2.3992,2.3927,2.3893,2.3885,2.4092,2.4137,2.4069,2.3981,2.3907,2.3874,2.3867,2.3949,2.404,2.4048,2.3993,2.3891,2.3872,2.3995,2.3958,2.3884,2.392,2.3969,2.3939,2.3883,2.3953,2.3929,2.394,2.3913,2.3906,2.3797
2025-08-19,2.2665,2.3392,2.3675,2.3752,2.3744,2.369,2.3643,2.3592,2.3565,2.3024,2.3532,2.3713,2.3748,2.3717,2.3667,2.3618,2.3579,2.3525,2.3491,2.3434,2.3647,2.3701,2.3649,2.3571,2.3505,2.3473,2.3466,2.3515,2.3612,2.3626,2.3581,2.349,2.347,2.3574,2.3549,2.3483,2.3501,2.3552,2.3532,2.3481,2.3539,2.3523,2.3527,2.3506,2.3491,2.3382
2025-08-20,2.3277,2.4006,2.4299,2.438,2.437,2.4334,2.4285,2.4238,2.4216,2.3637,2.4151,2.4339,2.4376,2.4353,2.431,2.4261,2.4227,2.4169,2.414,2.4054,2.4275,2.4334,2.429,2.4216,2.4152,2.4122,2.4123,2.4148,2.4247,2.4266,2.4225,2.4138,2.412,2.4214,2.4195,2.4134,2.414,2.4195,2.418,2.413,2.4184,2.417,2.4171,2.4152,2.4133,2.4022
2025-08-21,2.3509,2.4282,2.46,2.4701,2.4704,2.4671,2.4623,2.4592,2.4552,2.3891,2.4439,2.465,2.4702,2.4687,2.4647,2.4608,2.4572,2.4518,2.449,2.4346,2.4587,2.466,2.463,2.4562,2.4502,2.4472,2.4469,2.4463,2.4575,2.4602,2.457,2.4488,2.4471,2.4549,2.4541,2.4482,2.4471,2.4532,2.4526,2.448,2.4523,2.4518,2.4511,2.4498,2.4468,2.4349
2025-08-22,2.3907,2.4732,2.5084,2.5207,2.5222,2.5197,2.5156,2.5125,2.5089,2.4314,2.4906,2.5144,2.5214,2.521,2.5177,2.5141,2.5107,2.5063,2.5034,2.4815,2.5083,2.5172,2.516,2.51,2.5046,2.5017,2.5014,2.4962,2.5091,2.5128,2.5106,2.5032,2.5016,2.5073,2.508,2.5027,2.499,2.5061,2.5066,2.5025,2.5054,2.5059,2.5042,2.5036,2.4993,2.4864
2025-08-25,2.4075,2.4847,2.518,2.5296,2.5312,2.5287,2.5249,2.5226,2.5195,2.4456,2.5011,2.5237,2.5304,2.53,2.5268,2.5237,2.5211,2.5162,2.5133,2.4927,2.5179,2.5264,2.5255,2.52,2.5145,2.5125,2.5117,2.5068,2.5189,2.5224,2.5204,2.5136,2.512,2.5172,2.5181,2.513,2.5095,2.5162,2.5167,2.5129,2.5154,2.5161,2.5145,2.5139,2.5098,2.4977
2025-08-26,2.3572,2.4344,2.4673,2.4784,2.4797,2.4763,2.4737,2.4695,2.4659,2.3953,2.4506,2.4727,2.479,2.478,2.475,2.4716,2.4677,2.464,2.4606,2.442,2.4667,2.475,2.4732,2.4675,2.462,2.4593,2.4596,2.4552,2.4671,2.4704,2.4679,2.4607,2.4591,2.4651,2.4654,2.4604,2.4574,2.4639,2.4642,2.46,2.4632,2.4633,2.462,2.4612,2.4575,2.4455
2025-08-27,2.3715,2.4459,2.4773,2.4883,2.4892,2.4875,2.4828,2.4806,2.4768,2.4082,2.4614,2.4827,2.4887,2.4884,2.4852,2.4817,2.4788,2.4745,2.4717,2.4531,2.4772,2.485,2.4835,2.478,2.4729,2.4699,2.4703,2.466,2.4775,2.4807,2.4785,2.4715,2.4702,2.4757,2.476,2.4711,2.4682,2.4745,2.4748,2.4709,2.4738,2.4741,2.4727,2.472,2.4684,2.4568
2025-08-28,2.3835,2.4556,2.4864,2.4968,2.4982,2.4964,2.4927,2.4893,2.4874,2.4191,2.4708,2.4915,2.4975,2.4973,2.4946,2.4911,2.4884,2.4837,2.4814,2.4627,2.4862,2.494,2.4929,2.4875,2.4824,2.4806,2.48,2.4757,2.4868,2.4899,2.488,2.4815,2.4801,2.4852,2.4858,2.4811,2.478,2.4842,2.4846,2.4809,2.4835,2.4839,2.4825,2.4819,2.4783,2.467
2025-08-29,2.4708,2.5355,2.5632,2.5719,2.5724,2.5702,2.5674,2.5642,2.5609,2.5028,2.5492,2.5675,2.5722,2.5713,2.5688,2.5658,2.5626,2.5592,2.5558,2.5416,2.5623,2.569,2.5672,2.5623,2.5572,2.5554,2.5549,2.5524,2.5623,2.5649,2.5625,2.5564,2.5549,2.5603,2.5604,2.556,2.5539,2.5593,2.5593,2.5557,2.5586,2.5586,2.5577,2.5569,2.5539,2.5437
2025-09-01,2.492,2.5608,2.5893,2.5991,2.6,2.5972,2.5938,2.5903,2.5874,2.526,2.5749,2.5941,2.5995,2.5986,2.5955,2.592,2.5888,2.585,2.5828,2.5669,2.5888,2.5958,2.5939,2.5884,2.5837,2.581,2.5807,2.5782,2.5886,2.5914,2.5891,2.5824,2.5808,2.5868,2.5867,2.5819,2.5798,2.5855,2.5855,2.5817,2.5848,2.5848,2.5838,2.5829,2.5798,2.569
2025-09-02,2.5396,2.61,2.639,2.6478,2.6475,2.6447,2.6404,2.6376,2.6336,2.5744,2.6243,2.6434,2.6477,2.6461,2.6426,2.639,2.6357,2.6303,2.628,2.6155,2.6374,2.6439,2.641,2.6346,2.6289,2.6267,2.6259,2.6258,2.6361,2.6384,2.6353,2.6279,2.6261,2.6336,2.6328,2.6273,2.6265,2.6321,2.6314,2.6271,2.6312,2.6306,2.6301,2.6288,2.6262,2.6151
2025-09-03,2.5828,2.6479,2.6715,2.675,2.6714,2.6648,2.6587,2.6532,2.6489,2.615,2.6596,2.6732,2.6732,2.6681,2.6618,2.656,2.6511,2.6452,2.6411,2.6486,2.6659,2.6685,2.6597,2.6504,2.6428,2.6392,2.6392,2.6514,2.6587,2.6585,2.6518,2.6411,2.6389,2.6534,2.6481,2.6406,2.6466,2.6505,2.6463,2.6401,2.6488,2.6451,2.6474,2.6439,2.6446,2.6347
2025-09-04,2.5521,2.6217,2.649,2.6559,2.6549,2.6503,2.6455,2.6407,2.6375,2.5865,2.6351,2.6524,2.6554,2.6526,2.6479,2.6431,2.6391,2.6341,2.6307,2.6255,2.646,2.6512,2.646,2.6386,2.6321,2.6288,2.629,2.6332,2.6425,2.644,2.6395,2.6306,2.629,2.6389,2.6364,2.6301,2.6318,2.6368,2.6349,2.6299,2.6357,2.634,2.6345,2.6324,2.6309,2.6201
2025-09-05,2.5142,2.5857,2.6139,2.6221,2.6203,2.6166,2.6109,2.6075,2.6028,2.5495,2.5996,2.6179,2.6212,2.6184,2.6138,2.6092,2.6052,2.5998,2.5969,2.5899,2.6114,2.6168,2.6118,2.6043,2.5981,2.5946,2.5952,2.5983,2.6081,2.6097,2.6054,2.5965,2.5948,2.6046,2.6022,2.5961,2.5972,2.6025,2.6008,2.5957,2.6014,2.5998,2.6001,2.5981,2.5964,2.5853
2025-09-08,2.5386,2.6051,2.6297,2.6353,2.6332,2.6266,2.6216,2.6172,2.613,2.5714,2.6173,2.6325,2.6342,2.63,2.6242,2.6194,2.6151,2.6092,2.6058,2.6072,2.6257,2.6294,2.6226,2.6142,2.6072,2.6039,2.6038,2.6122,2.6204,2.6209,2.6154,2.6057,2.6036,2.6159,2.612,2.6051,2.6091,2.6134,2.6104,2.6048,2.612,2.6093,2.6107,2.6079,2.6076,2.5974
2025-09-09,2.6189,2.6839,2.7048,2.7057,2.6989,2.6903,2.6822,2.6767,2.6708,2.651,2.6942,2.7052,2.7023,2.6946,2.6863,2.6795,2.6738,2.6653,2.6612,2.6814,2.6967,2.6967,2.6841,2.6723,2.6629,2.6593,2.6585,2.6797,2.6853,2.6834,2.6742,2.6612,2.6585,2.6781,2.6699,2.6604,2.6713,2.6742,2.6676,2.66,2.6718,2.6662,2.6703,2.6653,2.6681,2.6585
2025-09-10,2.625,2.6931,2.7171,2.7207,2.7167,2.7103,2.7039,2.6978,2.6926,2.6586,2.7049,2.7189,2.7188,2.7135,2.7071,2.7009,2.6953,2.6896,2.6849,2.6934,2.7114,2.7139,2.7046,2.6949,2.6869,2.683,2.6831,2.6961,2.7037,2.7034,2.6963,2.6851,2.6827,2.698,2.6925,2.6845,2.691,2.695,2.6906,2.684,2.6932,2.6893,2.6917,2.688,2.6888,2.6785
2025-09-11,2.6461,2.714,2.7374,2.7406,2.7357,2.7288,2.7211,2.7153,2.7097,2.6796,2.7256,2.739,2.7381,2.7323,2.725,2.7183,2.7126,2.7059,2.7019,2.7136,2.7311,2.7329,2.7225,2.7118,2.7036,2.6994,2.6991,2.715,2.7221,2.7214,2.7136,2.7016,2.6991,2.716,2.7095,2.7009,2.7089,2.7126,2.7074,2.7005,2.7106,2.7062,2.7091,2.705,2.7064,2.6961
2025-09-12,2.658,2.7251,2.7493,2.7528,2.749,2.7424,2.7367,2.7306,2.7265,2.6911,2.737,2.751,2.751,2.7457,2.7396,2.7337,2.7286,2.7217,2.7182,2.7257,2.7435,2.7462,2.7373,2.7277,2.7197,2.7158,2.7159,2.7287,2.7361,2.7359,2.7291,2.7179,2.7159,2.7307,2.7253,2.7173,2.7237,2.7277,2.7234,2.717,2.7259,2.7223,2.7246,2.721,2.7216,2.7114
2025-09-15,2.5834,2.6565,2.6832,2.6888,2.6859,2.6792,2.6731,2.6676,2.6638,2.6195,2.6696,2.686,2.6874,2.6826,2.6762,2.6704,2.6657,2.6587,2.6552,2.6583,2.6785,2.6822,2.6742,2.6646,2.6566,2.6533,2.6522,2.6633,2.672,2.6723,2.666,2.6551,2.6527,2.667,2.6623,2.6543,2.6594,2.6641,2.6603,2.654,2.6623,2.6592,2.6609,2.6577,2.6576,2.6464
2025-09-16,2.5736,2.6523,2.6834,2.6916,2.69,2.6845,2.6795,2.6744,2.6704,2.6125,2.6677,2.6875,2.6908,2.6873,2.682,2.677,2.6724,2.6663,2.6623,2.6567,2.68,2.6859,2.68,2.6716,2.664,2.6609,2.6604,2.6655,2.6761,2.6777,2.6725,2.6626,2.6604,2.6719,2.6692,2.6619,2.6639,2.6697,2.6674,2.6616,2.6682,2.6663,2.6669,2.6645,2.6628,2.6505
2025-09-17,2.5773,2.6595,2.6927,2.7025,2.7021,2.6973,2.6932,2.6877,2.6836,2.6178,2.6759,2.6975,2.7023,2.6997,2.6953,2.6905,2.6857,2.6796,2.6767,2.6652,2.6903,2.6976,2.693,2.6849,2.6779,2.6744,2.6742,2.6762,2.6878,2.6902,2.686,2.6763,2.6743,2.6844,2.6826,2.6757,2.6759,2.6823,2.6809,2.6754,2.6811,2.6799,2.6798,2.6779,2.6753,2.6623
2025-09-18,2.563,2.6512,2.6878,2.6997,2.7002,2.6969,2.6928,2.6873,2.6848,2.6065,2.6693,2.6936,2.6999,2.6986,2.6949,2.6901,2.6861,2.6805,2.677,2.6586,2.6866,2.6954,2.6926,2.6853,2.6785,2.6757,2.6752,2.6728,2.686,2.6893,2.686,2.6772,2.6753,2.6833,2.683,2.6766,2.6744,2.6817,2.6814,2.6764,2.6807,2.6805,2.6794,2.6782,2.6743,2.6603
2025-09-19,2.6106,2.6914,2.7219,2.7295,2.7266,2.7211,2.7143,2.7078,2.7042,2.6505,2.7065,2.7256,2.728,2.7239,2.7177,2.7111,2.706,2.7001,2.6955,2.6945,2.7177,2.7228,2.7151,2.7055,2.6974,2.6936,2.6931,2.7018,2.712,2.7131,2.7068,2.6956,2.6934,2.7071,2.703,2.6949,2.6987,2.7043,2.701,2.6947,2.7026,2.6999,2.7012,2.6981,2.6972,2.6847
2025-09-22,2.5333,2.6218,2.6572,2.668,2.667,2.6615,2.6563,2.6517,2.6463,2.577,2.6393,2.6625,2.6675,2.6643,2.659,2.654,2.649,2.643,2.6389,2.6278,2.6546,2.662,2.6568,2.6482,2.6406,2.6371,2.6364,2.6392,2.6516,2.6541,2.6493,2.639,2.6366,2.6478,2.6457,2.6382,2.6388,2.6455,2.6438,2.638,2.6441,2.6428,2.6427,2.6406,2.6379,2.6241
2025-09-23,2.5892,2.6738,2.7029,2.7063,2.6989,2.6901,2.6806,2.6731,2.6666,2.6309,2.6881,2.7046,2.7027,2.6945,2.6854,2.6769,2.6699,2.6608,2.6555,2.6729,2.6942,2.6961,2.6823,2.6687,2.6577,2.6531,2.6524,2.6738,2.6823,2.681,2.6708,2.6556,2.652,2.6743,2.6657,2.6546,2.6654,2.6699,2.663,2.654,2.6672,2.6612,2.6653,2.6598,2.662,2.6493
2025-09-24,2.6362,2.7137,2.7365,2.7354,2.7256,2.7133,2.7027,2.6944,2.6869,2.6744,2.7249,2.7359,2.7306,2.7195,2.7081,2.6986,2.6907,2.6804,2.6751,2.7084,2.7249,2.7232,2.7051,2.6893,2.6773,2.6717,2.6712,2.7027,2.7083,2.7049,2.6921,2.6747,2.6708,2.6984,2.6862,2.6737,2.69,2.6928,2.6831,2.673,2.6896,2.6812,2.6875,2.6804,2.6853,2.6741
2025-09-25,2.6631,2.7405,2.7628,2.7612,2.7506,2.7385,2.7269,2.7181,2.7113,2.7013,2.7515,2.762,2.756,2.7446,2.7328,2.7226,2.7148,2.7038,2.6984,2.7346,2.7508,2.7485,2.7296,2.7131,2.7007,2.695,2.6944,2.728,2.7332,2.7294,2.7161,2.698,2.6941,2.7228,2.71,2.697,2.7145,2.7171,2.7068,2.6963,2.7137,2.7048,2.7115,2.7041,2.7095,2.6983
2025-09-26,2.6162,2.6961,2.7211,2.7221,2.7133,2.7022,2.6917,2.6837,2.6774,2.6556,2.7084,2.7216,2.7178,2.7079,2.697,2.6877,2.6806,2.6712,2.6648,2.6926,2.7109,2.7105,2.6942,2.6793,2.6674,2.6623,2.662,2.6895,2.6962,2.6936,2.6817,2.665,2.6615,2.6868,2.676,2.6642,2.6784,2.6818,2.6732,2.6635,2.6788,2.6713,2.6767,2.6703,2.6741,2.6624
2025-09-29,2.6388,2.7059,2.7245,2.7224,2.7121,2.7015,2.691,2.6827,2.6759,2.6719,2.7151,2.7235,2.7173,2.7069,2.6963,2.6869,2.6793,2.6704,2.6651,2.6999,2.7134,2.7108,2.6931,2.6783,2.6673,2.6621,2.661,2.6929,2.697,2.6933,2.6811,2.6649,2.6612,2.6875,2.6755,2.6637,2.6802,2.6822,2.6726,2.6633,2.679,2.6709,2.6772,2.6703,2.6756,2.666
2025-09-30,2.6395,2.7134,2.7377,2.7394,2.7322,2.7233,2.715,2.7072,2.7023,2.676,2.7254,2.7385,2.7358,2.7278,2.7192,2.7112,2.7048,2.6961,2.6914,2.7113,2.7291,2.7298,2.7164,2.7036,2.6934,2.689,2.6883,2.7104,2.7172,2.7155,2.7057,2.6913,2.6882,2.7095,2.7008,2.6904,2.7017,2.7053,2.6983,2.69,2.7027,2.6967,2.701,2.6956,2.6983,2.6873
2025-10-01,2.6801,2.751,2.7744,2.7764,2.7706,2.7619,2.754,2.747,2.742,2.7151,2.7625,2.7754,2.7735,2.7663,2.758,2.7505,2.7445,2.7372,2.7319,2.7494,2.7667,2.7677,2.7555,2.7437,2.7341,2.73,2.7292,2.7492,2.756,2.7546,2.7455,2.7322,2.7292,2.7488,2.741,2.7313,2.7414,2.745,2.7386,2.7309,2.7426,2.7372,2.741,2.7361,2.7383,2.7277
2025-10-02,2.6479,2.7165,2.7397,2.7424,2.7364,2.7286,2.7204,2.7142,2.7104,2.6817,2.7279,2.741,2.7395,2.7326,2.7246,2.7174,2.7123,2.7046,2.6999,2.7155,2.7326,2.7338,2.7224,2.7111,2.7018,2.698,2.6975,2.7158,2.7226,2.7214,2.7128,2.7,2.6976,2.7158,2.7085,2.6993,2.7086,2.7121,2.7063,2.699,2.7099,2.705,2.7084,2.7039,2.7058,2.6955
2025-10-03,2.6507,2.7182,2.742,2.7446,2.7402,2.7325,2.7255,2.7197,2.7152,2.684,2.73,2.7433,2.7424,2.7364,2.7291,2.7227,2.7175,2.7104,2.7058,2.718,2.7354,2.7372,2.727,2.7165,2.7077,2.7043,2.7036,2.7195,2.7266,2.7258,2.718,2.7061,2.7036,2.7204,2.714,2.7054,2.7134,2.7171,2.7119,2.705,2.715,2.7107,2.7136,2.7095,2.7109,2.7006
2025-10-06,2.7425,2.8015,2.8218,2.8238,2.8193,2.8127,2.8061,2.7998,2.7973,2.7716,2.8115,2.8228,2.8216,2.8161,2.8095,2.803,2.7986,2.7922,2.788,2.8008,2.8157,2.817,2.8074,2.7977,2.7898,2.7866,2.7861,2.8015,2.8073,2.8064,2.7992,2.7883,2.7862,2.8016,2.7955,2.7876,2.7954,2.7986,2.7936,2.7874,2.7967,2.7926,2.7954,2.7916,2.7931,2.7841
2025-10-07,2.7417,2.8042,2.826,2.8285,2.8236,2.8168,2.8102,2.8045,2.8005,2.7725,2.815,2.8272,2.8261,2.8202,2.8135,2.8074,2.8025,2.7956,2.7921,2.8037,2.8197,2.8213,2.8114,2.8015,2.7936,2.7897,2.7895,2.8048,2.8112,2.8104,2.8031,2.7918,2.7897,2.8055,2.7992,2.7911,2.7988,2.8022,2.7973,2.7909,2.8004,2.7962,2.7991,2.7951,2.7965,2.787
2025-10-08,2.7015,2.7666,2.7894,2.7927,2.7882,2.7812,2.7746,2.7696,2.764,2.7336,2.7779,2.791,2.7905,2.7847,2.7779,2.7721,2.7668,2.7602,2.7561,2.7666,2.7835,2.7854,2.7758,2.7659,2.7578,2.7542,2.7541,2.7683,2.7753,2.7747,2.7674,2.7561,2.7538,2.7696,2.7636,2.7555,2.7627,2.7664,2.7617,2.7551,2.7646,2.7605,2.7631,2.7593,2.7604,2.7505
2025-10-09,2.7169,2.7863,2.8129,2.8183,2.816,2.8105,2.8048,2.799,2.7961,2.7511,2.7994,2.8155,2.8171,2.8133,2.8077,2.8019,2.7976,2.7916,2.7881,2.7888,2.8085,2.8126,2.8055,2.7968,2.7896,2.7862,2.7861,2.7944,2.8031,2.8038,2.7981,2.788,2.786,2.7986,2.7947,2.7875,2.7913,2.796,2.793,2.7872,2.7946,2.7919,2.7933,2.7904,2.7899,2.779
2025-10-10,2.6922,2.7666,2.794,2.7994,2.7964,2.7902,2.7836,2.7773,2.7734,2.7289,2.7801,2.7966,2.7979,2.7933,2.7869,2.7805,2.7754,2.769,2.7649,2.7684,2.789,2.7929,2.7845,2.7747,2.7666,2.763,2.7626,2.7734,2.7823,2.7827,2.7762,2.7649,2.7624,2.7771,2.7724,2.7643,2.7694,2.7742,2.7704,2.7638,2.7725,2.7692,2.771,2.7676,2.7675,2.756
2025-10-13,2.6938,2.7738,2.8046,2.8117,2.8084,2.8032,2.7962,2.7914,2.7858,2.7333,2.789,2.8081,2.8101,2.8058,2.7998,2.7939,2.7887,2.7821,2.778,2.777,2.8,2.8049,2.7973,2.7877,2.7797,2.7761,2.7756,2.7841,2.7943,2.7953,2.7891,2.778,2.7755,2.7894,2.7854,2.7773,2.7811,2.7867,2.7834,2.7769,2.785,2.7822,2.7835,2.7805,2.7795,2.767
2025-10-14,2.7932,2.8626,2.8877,2.8927,2.8886,2.8823,2.8757,2.87,2.8664,2.8274,2.875,2.8901,2.8907,2.8855,2.879,2.8729,2.8682,2.8615,2.8574,2.8637,2.8825,2.8856,2.8769,2.8672,2.8591,2.8555,2.8557,2.8674,2.8754,2.8754,2.8686,2.8575,2.8552,2.8701,2.8649,2.857,2.8628,2.8671,2.863,2.8565,2.8654,2.8618,2.864,2.8605,2.8608,2.85
2025-10-15,2.7791,2.8427,2.8649,2.8677,2.8635,2.8573,2.8505,2.8443,2.8404,2.8105,2.8537,2.8663,2.8657,2.8605,2.854,2.8474,2.8424,2.836,2.8324,2.8425,2.8591,2.861,2.8515,2.8416,2.8339,2.8305,2.8297,2.8442,2.851,2.8504,2.8433,2.8323,2.8298,2.8455,2.8396,2.8316,2.8388,2.8424,2.8377,2.8312,2.8405,2.8365,2.8391,2.8354,2.8365,2.8267
2025-10-16,2.7992,2.8578,2.8779,2.8797,2.8748,2.8686,2.8626,2.8562,2.8526,2.8281,2.8677,2.8788,2.8773,2.8717,2.8656,2.8595,2.8545,2.8485,2.8444,2.8569,2.8716,2.873,2.8633,2.8539,2.8461,2.8429,2.8424,2.8575,2.8634,2.8625,2.8553,2.8446,2.8421,2.8578,2.8517,2.844,2.8516,2.8548,2.8499,2.8435,2.8529,2.8487,2.8516,2.8477,2.8492,2.8403
2025-10-17,2.735,2.8107,2.8433,2.8555,2.8568,2.8553,2.852,2.8487,2.8465,2.7723,2.8268,2.8493,2.8561,2.8561,2.8537,2.8504,2.8476,2.8431,2.8409,2.8186,2.8437,2.8525,2.852,2.8468,2.8418,2.8391,2.8393,2.833,2.8452,2.8489,2.8473,2.8405,2.8395,2.8438,2.8449,2.8402,2.836,2.8428,2.8438,2.8401,2.8423,2.8432,2.8413,2.841,2.8365,2.8241
2025-10-20,2.7105,2.7939,2.8294,2.8425,2.8439,2.8424,2.8387,2.8349,2.8327,2.7516,2.8114,2.8359,2.8432,2.8432,2.8405,2.8368,2.8338,2.8287,2.8264,2.8023,2.8298,2.8393,2.8387,2.8329,2.8274,2.8246,2.8243,2.8179,2.8312,2.8352,2.8334,2.8261,2.8247,2.8297,2.8309,2.8256,2.8212,2.8286,2.8296,2.8255,2.828,2.8289,2.8269,2.8265,2.8217,2.8081
2025-10-21,2.634,2.7224,2.7617,2.7767,2.7806,2.7788,2.7766,2.7731,2.7705,2.6776,2.7418,2.7691,2.7786,2.7797,2.7777,2.7749,2.7718,2.7678,2.7644,2.7332,2.7633,2.7747,2.7761,2.7713,2.7658,2.7637,2.7636,2.752,2.767,2.7721,2.7713,2.7648,2.7638,2.7662,2.7691,2.7645,2.7573,2.7657,2.768,2.7644,2.7654,2.7674,2.7643,2.7647,2.7585,2.744
2025-10-22,2.6838,2.7763,2.8173,2.833,2.8363,2.8344,2.8316,2.8278,2.8245,2.7295,2.7965,2.825,2.8346,2.8354,2.8331,2.8298,2.8262,2.8221,2.8187,2.7873,2.8187,2.8304,2.8311,2.8258,2.8202,2.818,2.8172,2.8064,2.822,2.8271,2.826,2.8192,2.8177,2.821,2.8237,2.8186,2.8117,2.8203,2.8224,2.8185,2.8198,2.8218,2.8188,2.819,2.8127,2.7975
2025-10-23,2.6687,2.7659,2.8096,2.8266,2.8312,2.8304,2.8272,2.8239,2.8208,2.7167,2.7875,2.818,2.8289,2.8308,2.8288,2.8256,2.8224,2.8182,2.8154,2.7783,2.8119,2.8248,2.8269,2.8218,2.8166,2.8142,2.8139,2.7997,2.8165,2.8224,2.8221,2.8155,2.8144,2.8161,2.8198,2.815,2.8063,2.8157,2.8186,2.815,2.8154,2.8181,2.8144,2.815,2.8078,2.7917
2025-10-24,2.6655,2.7649,2.8103,2.8283,2.8334,2.8331,2.8302,2.8278,2.8245,2.7145,2.7873,2.8192,2.8308,2.8333,2.8317,2.829,2.8261,2.8222,2.8188,2.7783,2.8131,2.8268,2.8299,2.8255,2.8202,2.8181,2.8178,2.8013,2.8189,2.8252,2.8254,2.8192,2.8179,2.8188,2.8233,2.8188,2.8088,2.8186,2.8222,2.8186,2.8185,2.8216,2.8174,2.8184,2.8105,2.794
2025-10-27,2.6501,2.749,2.7937,2.811,2.8156,2.8142,2.8105,2.8075,2.8046,2.6989,2.7711,2.8022,2.8133,2.8149,2.8124,2.809,2.8061,2.8016,2.7988,2.7617,2.7959,2.8088,2.8107,2.8053,2.8,2.7971,2.7975,2.7833,2.8003,2.8062,2.8057,2.7987,2.7977,2.7997,2.8032,2.7983,2.7897,2.7992,2.8021,2.7983,2.799,2.8015,2.7978,2.7984,2.7912,2.7748
2025-10-28,2.7157,2.8178,2.8617,2.8771,2.8804,2.8767,2.8733,2.8688,2.8641,2.766,2.8394,2.8693,2.8787,2.8786,2.875,2.8711,2.8664,2.861,2.8576,2.8283,2.862,2.8737,2.8729,2.8658,2.8591,2.8559,2.8557,2.8473,2.8638,2.8687,2.8665,2.8576,2.8556,2.8619,2.8634,2.8571,2.8514,2.8606,2.8619,2.8568,2.8599,2.861,2.8585,2.858,2.852,2.8353
2025-10-29,2.6219,2.7286,2.7752,2.7924,2.7959,2.7939,2.7891,2.786,2.7815,2.6745,2.7516,2.7837,2.7941,2.7949,2.7915,2.7876,2.7838,2.7782,2.7742,2.7405,2.7764,2.7891,2.7895,2.7827,2.7758,2.773,2.7727,2.7618,2.7793,2.7849,2.7831,2.7745,2.7731,2.7777,2.7802,2.774,2.767,2.7767,2.7787,2.7739,2.7761,2.7779,2.7749,2.7748,2.768,2.7506
2025-10-30,2.6209,2.7293,2.778,2.7965,2.8011,2.7991,2.7963,2.7925,2.789,2.6744,2.7533,2.7871,2.7988,2.8001,2.7977,2.7944,2.7907,2.7856,2.7823,2.7428,2.7799,2.794,2.7958,2.79,2.7837,2.7806,2.7806,2.7661,2.7846,2.7909,2.7901,2.7822,2.7808,2.7838,2.7874,2.7817,2.7728,2.7831,2.786,2.7816,2.7827,2.7853,2.7815,2.7819,2.7742,2.7564
2025-10-31,2.5915,2.7038,2.7535,2.7731,2.7776,2.7763,2.7731,2.7691,2.7651,2.6469,2.7283,2.7632,2.7753,2.7769,2.7747,2.7711,2.7672,2.7618,2.7591,2.7175,2.7559,2.7705,2.7724,2.7664,2.7602,2.7569,2.757,2.7417,2.7608,2.7673,2.7667,2.7587,2.7571,2.7601,2.7639,2.7582,2.7488,2.7594,2.7625,2.758,2.7591,2.7617,2.7577,2.7583,2.7503,2.7319
2025-11-03,2.6009,2.7149,2.7658,2.7854,2.7892,2.7886,2.7834,2.7805,2.7767,2.6571,2.74,2.7755,2.7873,2.7889,2.786,2.782,2.7786,2.7724,2.7696,2.7288,2.7678,2.7823,2.7839,2.7772,2.7707,2.7674,2.7676,2.753,2.7722,2.7787,2.7777,2.7692,2.7676,2.7713,2.7748,2.7687,2.7597,2.7704,2.7733,2.7685,2.77,2.7725,2.7687,2.769,2.7611,2.7424
2025-11-04,2.6284,2.7371,2.7833,2.7995,2.8017,2.7982,2.7938,2.7884,2.7844,2.682,2.7599,2.7913,2.8006,2.8,2.796,2.7912,2.7865,2.7804,2.7764,2.7477,2.7832,2.7952,2.7936,2.7857,2.7781,2.7742,2.7743,2.7672,2.7843,2.7892,2.7864,2.7763,2.7743,2.7819,2.7828,2.7757,2.7708,2.7803,2.7811,2.7754,2.7794,2.7801,2.7779,2.7771,2.7712,2.7536
2025-11-05,2.5827,2.6955,2.7442,2.7617,2.7644,2.7608,2.7571,2.751,2.748,2.6384,2.7195,2.7528,2.7631,2.7626,2.759,2.7541,2.7495,2.7432,2.7393,2.7074,2.7445,2.7575,2.7565,2.7487,2.7409,2.7376,2.7379,2.7284,2.7465,2.7518,2.7492,2.7394,2.7377,2.7442,2.7459,2.7389,2.7328,2.7429,2.7443,2.7386,2.7421,2.7432,2.7406,2.74,2.7335,2.7153
2025-11-06,2.6087,2.7191,2.7668,2.783,2.7859,2.7819,2.7774,2.7724,2.7689,2.6632,2.7426,2.7748,2.7844,2.7839,2.7797,2.7749,2.7707,2.7641,2.7602,2.7304,2.7665,2.7789,2.7775,2.7696,2.7618,2.7579,2.7579,2.7505,2.768,2.773,2.7702,2.76,2.7581,2.7655,2.7667,2.7594,2.7542,2.7639,2.7649,2.7592,2.763,2.7639,2.7615,2.7608,2.7547,2.7368
2025-11-07,2.6593,2.7694,2.8165,2.8323,2.8341,2.8302,2.8253,2.8198,2.8158,2.7136,2.7926,2.8243,2.8332,2.8322,2.8278,2.8226,2.8179,2.8111,2.8071,2.78,2.8157,2.8276,2.8253,2.8168,2.8088,2.8054,2.8048,2.7991,2.8162,2.821,2.8176,2.8072,2.8051,2.8135,2.8141,2.8065,2.8022,2.8118,2.8122,2.8063,2.8107,2.8112,2.8092,2.8082,2.8025,2.7846
2025-11-10,2.6497,2.7609,2.8075,2.8226,2.8234,2.8192,2.814,2.8074,2.8041,2.7046,2.7839,2.815,2.823,2.8213,2.8167,2.8108,2.8058,2.7983,2.7943,2.7706,2.806,2.8173,2.8139,2.8046,2.796,2.7921,2.7924,2.7885,2.8054,2.8096,2.8055,2.7941,2.7921,2.802,2.8017,2.7936,2.7906,2.7999,2.7998,2.7933,2.7988,2.7986,2.7972,2.7956,2.7905,2.7726
2025-11-11,2.7047,2.8092,2.8503,2.8606,2.8587,2.8513,2.8443,2.8369,2.8315,2.7562,2.8295,2.8553,2.8597,2.8551,2.8479,2.8406,2.8342,2.8267,2.8209,2.8147,2.8455,2.8532,2.8449,2.8335,2.8233,2.8191,2.8186,2.8259,2.8399,2.842,2.8349,2.8213,2.8186,2.8342,2.8303,2.8205,2.8235,2.8312,2.828,2.8201,2.8293,2.8266,2.8275,2.8241,2.822,2.8054
2025-11-12,2.7086,2.8086,2.8475,2.857,2.8543,2.847,2.8393,2.8325,2.8273,2.7579,2.8278,2.8522,2.8557,2.8507,2.8432,2.836,2.83,2.8215,2.8169,2.8133,2.8424,2.8492,2.8405,2.8287,2.8188,2.8141,2.814,2.823,2.836,2.8377,2.8304,2.8166,2.8139,2.8303,2.8257,2.8158,2.8198,2.8269,2.8233,2.8155,2.825,2.8219,2.8232,2.8197,2.8181,2.8023
2025-11-13,2.717,2.8165,2.855,2.8643,2.8619,2.8551,2.8474,2.8406,2.8343,2.766,2.8355,2.8596,2.8631,2.8585,2.8513,2.8441,2.8375,2.8302,2.825,2.821,2.8501,2.8569,2.8483,2.8368,2.8272,2.8222,2.8221,2.8308,2.8439,2.8456,2.8385,2.8249,2.8221,2.8382,2.8338,2.8241,2.8278,2.8349,2.8314,2.8236,2.833,2.83,2.8313,2.8278,2.8262,2.8104
2025-11-14,2.7407,2.843,2.8815,2.8897,2.8857,2.8768,2.8687,2.8605,2.8557,2.7911,2.862,2.8855,2.8877,2.8813,2.8728,2.8646,2.8581,2.8485,2.8439,2.8462,2.8749,2.8807,2.8699,2.8567,2.8458,2.8405,2.8401,2.8539,2.8664,2.8673,2.8587,2.8433,2.8403,2.8597,2.8535,2.8424,2.8489,2.8557,2.8508,2.842,2.8534,2.8493,2.8515,2.8471,2.8466,2.8305
2025-11-17,2.6775,2.7883,2.831,2.842,2.8393,2.8318,2.8237,2.8161,2.8103,2.7321,2.8093,2.8364,2.8407,2.8356,2.8278,2.82,2.8133,2.8041,2.7989,2.7935,2.8259,2.8337,2.8247,2.812,2.8011,2.7966,2.7958,2.8049,2.8194,2.8214,2.8137,2.799,2.7961,2.8133,2.8088,2.7981,2.8019,2.8099,2.8062,2.7978,2.8078,2.8047,2.8059,2.8022,2.8002,2.7827
2025-11-18,2.7228,2.8276,2.8665,2.8744,2.8698,2.86,2.8513,2.844,2.8373,2.7745,2.8468,2.8704,2.8721,2.865,2.8557,2.8477,2.8407,2.8304,2.8251,2.8303,2.8593,2.8647,2.8529,2.839,2.8273,2.8223,2.8216,2.8373,2.8498,2.8504,2.841,2.825,2.8217,2.8425,2.8356,2.824,2.8315,2.8383,2.8328,2.8236,2.8358,2.8312,2.8338,2.829,2.8289,2.8125
2025-11-19,2.7034,2.8123,2.8542,2.8648,2.8611,2.854,2.8452,2.837,2.8327,2.7571,2.833,2.8594,2.863,2.8576,2.8497,2.8412,2.8349,2.8255,2.8203,2.8171,2.8488,2.856,2.8464,2.8335,2.8225,2.818,2.8176,2.8276,2.8417,2.8433,2.8353,2.8204,2.8175,2.8353,2.8303,2.8196,2.824,2.8317,2.8277,2.8191,2.8296,2.8262,2.8277,2.8238,2.8221,2.8049
2025-11-20,2.68,2.7846,2.8245,2.8329,2.8298,2.8207,2.8135,2.8052,2.7989,2.7316,2.8043,2.8286,2.8314,2.8253,2.8172,2.8094,2.8021,2.7934,2.7876,2.7884,2.8181,2.8245,2.814,2.8012,2.79,2.7852,2.7846,2.7971,2.8102,2.8113,2.8028,2.7878,2.7847,2.8034,2.7978,2.7868,2.7926,2.7997,2.7951,2.7864,2.7974,2.7936,2.7955,2.7913,2.7904,2.774
2025-11-21,2.6342,2.742,2.7836,2.7937,2.791,2.7837,2.7747,2.7673,2.7619,2.6874,2.7625,2.7886,2.7924,2.7874,2.7793,2.7711,2.7646,2.7565,2.7507,2.7469,2.7783,2.7855,2.7761,2.7636,2.7531,2.7483,2.748,2.7574,2.7715,2.7732,2.7654,2.7509,2.7478,2.7652,2.7605,2.75,2.7541,2.7618,2.7579,2.7496,2.7597,2.7564,2.7578,2.754,2.7523,2.7354
2025-11-24,2.5929,2.7056,2.7506,2.7632,2.7618,2.756,2.748,2.7408,2.7361,2.6485,2.7278,2.7568,2.7625,2.759,2.7521,2.7444,2.7385,2.7303,2.7251,2.7127,2.7468,2.756,2.7489,2.7373,2.7273,2.7228,2.7222,2.7268,2.7424,2.7453,2.7388,2.7252,2.7224,2.7372,2.7342,2.7243,2.7256,2.7342,2.7318,2.724,2.7324,2.7304,2.7306,2.7276,2.7245,2.7067
2025-11-25,2.5896,2.7037,2.7505,2.7649,2.765,2.76,2.7524,2.7473,2.7417,2.6458,2.7267,2.7576,2.7649,2.7625,2.7562,2.7499,2.7446,2.7366,2.7327,2.7125,2.7481,2.7585,2.7536,2.7432,2.7343,2.7299,2.7294,2.7291,2.7458,2.7496,2.7446,2.7323,2.7295,2.7418,2.7404,2.7314,2.7301,2.7393,2.7381,2.7311,2.7378,2.7369,2.7361,2.7339,2.7296,2.7114
2025-11-26,2.5655,2.6854,2.7387,2.758,2.763,2.7597,2.7565,2.7509,2.7476,2.6246,2.7117,2.7482,2.7605,2.7614,2.7581,2.7537,2.7493,2.7432,2.7399,2.6996,2.74,2.755,2.7557,2.7485,2.7413,2.7377,2.7377,2.724,2.7439,2.7504,2.749,2.7396,2.7379,2.7426,2.7457,2.7391,2.7304,2.7415,2.7441,2.7389,2.741,2.7432,2.7395,2.7396,2.7318,2.7122
2025-11-27,2.5281,2.6497,2.704,2.7244,2.7297,2.7274,2.7227,2.7196,2.7149,2.5881,2.6765,2.7141,2.727,2.7286,2.7251,2.7212,2.7173,2.7113,2.7073,2.6646,2.7061,2.7214,2.7231,2.7161,2.709,2.7057,2.7054,2.6903,2.7108,2.7176,2.7165,2.7074,2.7055,2.7096,2.7134,2.7069,2.6974,2.7088,2.7118,2.7066,2.7083,2.7108,2.7068,2.7071,2.6988,2.679
2025-11-28,2.6057,2.7188,2.7677,2.7846,2.7873,2.7844,2.7792,2.7749,2.7698,2.6615,2.7429,2.776,2.786,2.7859,2.7818,2.7771,2.7724,2.7661,2.7621,2.7305,2.7677,2.7805,2.7794,2.7714,2.7638,2.7599,2.76,2.7514,2.7694,2.7748,2.7721,2.762,2.7601,2.7671,2.7686,2.7614,2.7556,2.7656,2.7669,2.7612,2.7648,2.7659,2.7633,2.7626,2.7562,2.7379
2025-12-01,2.5858,2.7036,2.7557,2.7753,2.7797,2.7775,2.7739,2.7699,2.7654,2.6439,2.7293,2.7653,2.7774,2.7786,2.7757,2.7719,2.7677,2.7614,2.758,2.7175,2.7574,2.7722,2.7735,2.7666,2.7594,2.7564,2.7564,2.742,2.7617,2.7682,2.7669,2.758,2.7566,2.7605,2.7639,2.7575,2.7486,2.7596,2.7624,2.7574,2.7591,2.7615,2.7577,2.758,2.75,2.7308
2025-12-02,2.5683,2.6839,2.7362,2.7562,2.761,2.7607,2.7564,2.7534,2.7492,2.6254,2.7097,2.746,2.7586,2.7609,2.7586,2.7549,2.7513,2.7462,2.7423,2.6986,2.7386,2.7539,2.7563,2.7504,2.7439,2.7411,2.7406,2.7242,2.7441,2.7511,2.7505,2.7426,2.7409,2.7435,2.7478,2.742,2.7319,2.743,2.7464,2.7419,2.7426,2.7456,2.7413,2.742,2.7336,2.7146
2025-12-03,2.6117,2.7171,2.7628,2.7791,2.7812,2.7788,2.774,2.7692,2.7661,2.6637,2.7396,2.7709,2.7801,2.78,2.7764,2.7716,2.7676,2.7614,2.758,2.7282,2.763,2.7751,2.7741,2.7666,2.7594,2.7562,2.7559,2.7478,2.7647,2.7697,2.7672,2.7579,2.7563,2.7626,2.764,2.7573,2.7519,2.7612,2.7624,2.7572,2.7605,2.7616,2.7591,2.7585,2.7525,2.7354
2025-12-04,2.6339,2.7343,2.7772,2.7918,2.7934,2.7907,2.7857,2.7803,2.7769,2.6834,2.7555,2.7844,2.7926,2.7921,2.7882,2.783,2.7786,2.7732,2.7692,2.744,2.7768,2.7877,2.7856,2.7781,2.7709,2.768,2.7674,2.7616,2.7774,2.7817,2.7788,2.7696,2.7677,2.7749,2.7757,2.7689,2.7647,2.7735,2.774,2.7687,2.7725,2.7731,2.7712,2.7703,2.7651,2.7488
2025-12-05,2.6408,2.7403,2.7823,2.7969,2.7985,2.7946,2.7907,2.7851,2.7815,2.6899,2.761,2.7895,2.7977,2.7966,2.7927,2.7879,2.7833,2.7782,2.7736,2.7497,2.7818,2.7925,2.7903,2.7829,2.7755,2.7723,2.7725,2.7668,2.7823,2.7866,2.7834,2.774,2.7724,2.7797,2.7802,2.7736,2.7696,2.7782,2.7787,2.7733,2.7773,2.7777,2.7759,2.7749,2.7699,2.7538
2025-12-08,2.6042,2.7047,2.7475,2.7618,2.7634,2.7607,2.7548,2.7502,2.7469,2.6538,2.7258,2.7546,2.7626,2.7621,2.7578,2.7525,2.7485,2.7425,2.7391,2.7143,2.7469,2.7576,2.7554,2.7475,2.7405,2.7368,2.737,2.7316,2.7472,2.7515,2.7485,2.7388,2.7369,2.7447,2.7451,2.7383,2.7344,2.743,2.7435,2.738,2.7421,2.7424,2.7407,2.7397,2.7346,2.7184
2025-12-09,2.6963,2.7886,2.8235,2.8308,2.8279,2.8207,2.813,2.8062,2.8006,2.7418,2.8058,2.8271,2.8294,2.8243,2.8169,2.8096,2.8034,2.7954,2.7914,2.7917,2.8179,2.8233,2.814,2.8024,2.7931,2.7885,2.7879,2.7992,2.8107,2.8116,2.8043,2.791,2.788,2.8049,2.7997,2.7901,2.7952,2.8015,2.7974,2.7897,2.7995,2.796,2.7977,2.794,2.7932,2.7788
2025-12-10,2.6692,2.7583,2.7912,2.7976,2.7932,2.7855,2.7781,2.7702,2.7657,2.7132,2.7745,2.7944,2.7954,2.7894,2.7819,2.7742,2.768,2.7595,2.7549,2.7603,2.7849,2.7893,2.7789,2.7669,2.7568,2.753,2.7517,2.766,2.7765,2.7768,2.7686,2.755,2.752,2.7701,2.7641,2.7541,2.7608,2.7665,2.7616,2.7537,2.7643,2.7602,2.7626,2.7584,2.7585,2.7447
2025-12-11,2.7478,2.8359,2.8688,2.8771,2.8733,2.8667,2.8596,2.8542,2.8483,2.7912,2.8521,2.8729,2.8753,2.87,2.8632,2.857,2.8513,2.8435,2.8389,2.8389,2.864,2.8693,2.8608,2.8501,2.8408,2.8365,2.8362,2.8464,2.8575,2.8585,2.8515,2.8388,2.8363,2.8519,2.8472,2.8381,2.8427,2.8488,2.845,2.8377,2.8469,2.8437,2.8453,2.8418,2.841,2.8271
2025-12-12,2.678,2.7782,2.8209,2.8353,2.8367,2.833,2.8284,2.8238,2.8205,2.7274,2.7993,2.828,2.836,2.8349,2.8307,2.8261,2.8222,2.8154,2.8126,2.7877,2.8201,2.8308,2.8287,2.8209,2.8137,2.8103,2.8098,2.8049,2.8205,2.8247,2.8217,2.8121,2.81,2.818,2.8184,2.8115,2.8077,2.8164,2.8167,2.8112,2.8154,2.8157,2.814,2.813,2.8079,2.7916
2025-12-15,2.6421,2.7429,2.7855,2.8003,2.8015,2.798,2.7937,2.7883,2.785,2.6918,2.7639,2.7928,2.8009,2.7998,2.7959,2.791,2.7867,2.7799,2.7771,2.7524,2.785,2.7957,2.7935,2.7855,2.7782,2.7748,2.775,2.7697,2.7852,2.7895,2.7864,2.7766,2.7749,2.7827,2.7831,2.7762,2.7724,2.781,2.7814,2.7759,2.7802,2.7804,2.7787,2.7777,2.7726,2.7563
2025-12-16,2.735,2.8258,2.8631,2.8741,2.8734,2.869,2.864,2.8582,2.8544,2.7798,2.8442,2.8685,2.8737,2.8712,2.8665,2.8611,2.8563,2.8499,2.8465,2.8324,2.8605,2.8687,2.864,2.8555,2.8479,2.8442,2.8436,2.8451,2.8582,2.861,2.8566,2.8462,2.8442,2.8546,2.853,2.8455,2.8452,2.8524,2.8511,2.8453,2.8512,2.8502,2.8498,2.8479,2.8447,2.83
2025-12-17,2.6855,2.7754,2.8137,2.8265,2.8273,2.8251,2.8194,2.8163,2.8114,2.7299,2.7943,2.82,2.8269,2.8262,2.8223,2.8179,2.8139,2.8087,2.8053,2.7838,2.813,2.8223,2.8201,2.8131,2.8067,2.8035,2.8031,2.799,2.813,2.8168,2.8139,2.8052,2.8035,2.8106,2.8109,2.8046,2.8014,2.8091,2.8093,2.8045,2.8082,2.8085,2.807,2.8061,2.8016,2.787
2025-12-18,2.7798,2.859,2.891,2.8991,2.8984,2.8941,2.8879,2.884,2.8793,2.8188,2.8747,2.895,2.8987,2.8962,2.891,2.886,2.8817,2.8756,2.8721,2.8639,2.8878,2.8942,2.889,2.8807,2.8735,2.8702,2.8703,2.8735,2.8845,2.8865,2.8818,2.872,2.8701,2.8808,2.8785,2.8715,2.8726,2.8786,2.8769,2.8712,2.8774,2.8758,2.8761,2.8739,2.8717,2.859
2025-12-19,2.713,2.7889,2.8186,2.8262,2.8245,2.8193,2.8134,2.8084,2.8048,2.7504,2.8035,2.8223,2.8254,2.8219,2.8163,2.8109,2.8066,2.8007,2.7972,2.7928,2.8151,2.8205,2.8143,2.8057,2.7986,2.7953,2.7947,2.8007,2.8108,2.8122,2.807,2.7971,2.7948,2.8067,2.8037,2.7964,2.7988,2.8043,2.8019,2.7961,2.8029,2.8008,2.8016,2.7991,2.7976,2.7856
2025-12-22,2.7365,2.8182,2.8521,2.8637,2.8642,2.8613,2.8572,2.8534,2.8491,2.7767,2.8349,2.8578,2.8639,2.8628,2.8593,2.8553,2.8512,2.8467,2.8427,2.8252,2.8513,2.8597,2.8573,2.8508,2.8444,2.8419,2.8412,2.8385,2.8511,2.8543,2.8513,2.8432,2.8415,2.8486,2.8486,2.8426,2.8403,2.8472,2.8471,2.8425,2.8463,2.8463,2.8452,2.8441,2.8403,2.827
2025-12-23,2.7282,2.8095,2.844,2.856,2.8571,2.8553,2.8507,2.8481,2.8442,2.7683,2.8265,2.8499,2.8565,2.8562,2.853,2.8494,2.8462,2.8405,2.8383,2.8173,2.8438,2.8525,2.8513,2.845,2.8392,2.8365,2.8363,2.8316,2.8443,2.8479,2.8457,2.8379,2.8369,2.8425,2.843,2.8375,2.8341,2.8412,2.8417,2.8375,2.8405,2.8411,2.8395,2.8388,2.8345,2.8212
2025-12-24,2.7341,2.8195,2.8574,2.8712,2.8743,2.873,2.8707,2.8663,2.8638,2.7762,2.8382,2.8642,2.8728,2.8737,2.8719,2.8685,2.8651,2.8615,2.8587,2.8294,2.8584,2.8692,2.8698,2.8649,2.8598,2.8569,2.8575,2.8471,2.8614,2.8661,2.8652,2.8585,2.8574,2.8605,2.8628,2.8582,2.8517,2.8597,2.8617,2.858,2.8594,2.8611,2.8584,2.8585,2.8527,2.8386
2025-12-25,2.7462,2.8285,2.8635,2.8754,2.8772,2.8737,2.87,2.8666,2.8628,2.7868,2.8457,2.8693,2.8763,2.8755,2.8719,2.8683,2.8647,2.8604,2.8564,2.8364,2.8631,2.8719,2.8703,2.8642,2.8581,2.8556,2.8551,2.8506,2.8636,2.8672,2.8646,2.8569,2.8552,2.8614,2.862,2.8564,2.8531,2.8603,2.8606,2.8562,2.8595,2.8599,2.8583,2.8576,2.8533,2.8398
2025-12-26,2.6731,2.7662,2.8072,2.8225,2.8254,2.8243,2.8199,2.8169,2.8135,2.719,2.7865,2.8147,2.8239,2.8248,2.8221,2.8184,2.8152,2.8105,2.8077,2.7769,2.8084,2.8197,2.8202,2.8144,2.8089,2.806,2.8059,2.7957,2.8112,2.8162,2.8149,2.8075,2.8061,2.81,2.8123,2.8071,2.8006,2.8092,2.8111,2.8069,2.8087,2.8103,2.8076,2.8076,2.8015,2.7862
2025-12-29,2.6825,2.7786,2.8204,2.8349,2.8374,2.8349,2.8299,2.8268,2.8223,2.7299,2.7992,2.8275,2.8361,2.8361,2.8324,2.8284,2.8246,2.819,2.8162,2.7887,2.8205,2.8314,2.8305,2.8236,2.8173,2.8139,2.8144,2.8065,2.8219,2.8265,2.8243,2.8157,2.8144,2.8201,2.8213,2.8153,2.8102,2.8188,2.8199,2.8152,2.8182,2.8191,2.8169,2.8164,2.8108,2.7951
2025-12-30,2.7006,2.7901,2.8269,2.8391,2.8392,2.8348,2.8307,2.8251,2.8227,2.7447,2.8082,2.8329,2.8391,2.837,2.8327,2.8279,2.8239,2.8176,2.8141,2.7973,2.8254,2.8341,2.8307,2.8229,2.8156,2.8123,2.8126,2.811,2.8242,2.8274,2.8237,2.8141,2.8123,2.8212,2.8204,2.8136,2.812,2.8194,2.8188,2.8133,2.8184,2.8178,2.817,2.8155,2.8117,2.7973
2025-12-31,2.8149,2.8905,2.9181,2.9243,2.921,2.9144,2.908,2.9029,2.8972,2.8521,2.9041,2.9212,2.9227,2.9177,2.9112,2.9055,2.9001,2.8934,2.8893,2.8923,2.9134,2.9173,2.909,2.8992,2.8911,2.8874,2.8866,2.8976,2.9068,2.9073,2.9007,2.8894,2.8868,2.9016,2.8969,2.8886,2.8937,2.8987,2.8948,2.8883,2.8969,2.8937,2.8955,2.8921,2.8919,2.88
2026-01-01,2.871,2.941,2.9643,2.9662,2.9594,2.9507,2.9432,2.9349,2.9305,2.9055,2.9525,2.9652,2.9628,2.9551,2.947,2.9391,2.9327,2.9253,2.9206,2.9392,2.9562,2.9571,2.9441,2.9321,2.9226,2.9181,2.9175,2.9384,2.945,2.9435,2.9341,2.9205,2.9173,2.9378,2.9295,2.9196,2.9303,2.9338,2.9271,2.9191,2.9314,2.9257,2.9298,2.9246,2.9271,2.9164
2026-01-02,2.8346,2.9038,2.9251,2.9254,2.9173,2.9073,2.8985,2.8909,2.8856,2.8687,2.9143,2.9253,2.9214,2.9124,2.903,2.8947,2.8883,2.8791,2.8749,2.9002,2.9158,2.9151,2.9004,2.8869,2.8766,2.8719,2.8711,2.8968,2.9024,2.8999,2.8893,2.8744,2.8711,2.8942,2.8843,2.8735,2.8868,2.8896,2.8817,2.873,2.8869,2.8801,2.8852,2.8793,2.883,2.8726
2026-01-05,2.7132,2.7923,2.8232,2.8311,2.8295,2.824,2.8181,2.8128,2.8085,2.7522,2.8075,2.8271,2.8303,2.8268,2.8211,2.8155,2.8107,2.8048,2.8007,2.7963,2.8196,2.8253,2.8189,2.81,2.8024,2.7993,2.7986,2.8046,2.8151,2.8166,2.8112,2.801,2.7984,2.8108,2.8078,2.8003,2.8027,2.8085,2.8059,2.7999,2.807,2.8048,2.8055,2.803,2.8014,2.7889
2026-01-06,2.7152,2.7913,2.8189,2.8235,2.8195,2.8112,2.8051,2.7975,2.7943,2.7527,2.8049,2.8212,2.8216,2.8154,2.8082,2.8013,2.7959,2.7882,2.7841,2.7923,2.8127,2.8159,2.8059,2.7949,2.7858,2.7817,2.7819,2.7959,2.8044,2.8042,2.7965,2.7839,2.7814,2.7983,2.7922,2.7833,2.7903,2.7949,2.7901,2.7828,2.793,2.7888,2.7913,2.7873,2.788,2.7762
2026-01-07,2.7271,2.7947,2.8179,2.8207,2.816,2.8081,2.8008,2.7958,2.7902,2.7605,2.8062,2.8193,2.8184,2.8121,2.8045,2.7984,2.793,2.7857,2.781,2.7941,2.8113,2.813,2.8025,2.7919,2.783,2.7796,2.7786,2.7953,2.8023,2.8014,2.7934,2.7814,2.7788,2.796,2.7894,2.7806,2.7889,2.7926,2.7872,2.7803,2.7905,2.786,2.7891,2.7849,2.7864,2.7761
2026-01-08,2.6433,2.7149,2.741,2.7458,2.7421,2.7345,2.7284,2.7222,2.7177,2.6786,2.7278,2.7434,2.744,2.7383,2.7315,2.7253,2.7199,2.7136,2.7095,2.7162,2.7354,2.7386,2.7293,2.7193,2.7112,2.7071,2.7067,2.7197,2.7279,2.7279,2.7208,2.7093,2.7068,2.7224,2.7169,2.7085,2.7148,2.7192,2.7148,2.7082,2.7173,2.7136,2.7159,2.7122,2.7127,2.7017
2026-01-09,2.6046,2.6876,2.7216,2.7317,2.7314,2.727,2.7216,2.718,2.7133,2.6455,2.7044,2.7266,2.7315,2.7292,2.7243,2.7198,2.7157,2.7103,2.7063,2.6938,2.7194,2.7267,2.7225,2.7149,2.7079,2.7045,2.7041,2.7053,2.7173,2.7199,2.7157,2.7063,2.7044,2.7139,2.7124,2.7057,2.7054,2.7119,2.7108,2.7055,2.7108,2.7098,2.7095,2.7077,2.7049,2.6917
2026-01-12,2.5518,2.6345,2.6674,2.6774,2.676,2.6717,2.6667,2.662,2.658,2.5926,2.6507,2.6724,2.6767,2.6739,2.6693,2.6644,2.66,2.6539,2.6505,2.6399,2.665,2.6719,2.6671,2.6591,2.6519,2.6487,2.6478,2.6506,2.6622,2.6645,2.66,2.6504,2.6481,2.6587,2.6567,2.6496,2.6502,2.6565,2.6549,2.6494,2.6552,2.654,2.6539,2.6519,2.6494,2.6365
2026-01-13,2.4894,2.5768,2.6141,2.628,2.6303,2.6278,2.6237,2.6209,2.6174,2.5325,2.5952,2.621,2.6291,2.6291,2.6258,2.6223,2.6192,2.614,2.6112,2.586,2.6148,2.6247,2.6242,2.6181,2.6124,2.6099,2.6093,2.6024,2.6164,2.6205,2.6187,2.6112,2.6095,2.6148,2.6161,2.6107,2.606,2.6137,2.6147,2.6105,2.613,2.614,2.6119,2.6115,2.6065,2.5926
2026-01-14,2.4913,2.5736,2.609,2.6219,2.6235,2.6217,2.6187,2.615,2.6117,2.5319,2.591,2.6154,2.6227,2.6226,2.6202,2.6169,2.6134,2.6094,2.606,2.5822,2.6094,2.6189,2.6183,2.6129,2.6074,2.6047,2.6049,2.5978,2.611,2.615,2.6132,2.6061,2.605,2.6094,2.6107,2.6057,2.6012,2.6085,2.6095,2.6056,2.6079,2.6088,2.6069,2.6065,2.6018,2.5887
2026-01-15,2.4985,2.5823,2.6202,2.6343,2.6387,2.6374,2.635,2.6326,2.6295,2.5399,2.601,2.6272,2.6365,2.638,2.6362,2.6338,2.6311,2.6276,2.6248,2.5931,2.6219,2.633,2.6348,2.6306,2.6259,2.624,2.6236,2.6116,2.626,2.631,2.6306,2.625,2.6236,2.6255,2.6287,2.6246,2.6172,2.6252,2.6277,2.6244,2.6249,2.6271,2.624,2.6245,2.6184,2.6049
2026-01-16,2.4716,2.5607,2.6032,2.621,2.6275,2.6278,2.627,2.6255,2.6238,2.5156,2.5816,2.612,2.6242,2.6276,2.6274,2.6263,2.6247,2.6211,2.6196,2.5749,2.6072,2.621,2.6264,2.6238,2.6202,2.6184,2.6187,2.5984,2.615,2.6216,2.6235,2.6193,2.6189,2.6162,2.622,2.6192,2.6074,2.6166,2.6213,2.6191,2.617,2.621,2.6161,2.6179,2.6098,2.5951
2026-01-19,2.4434,2.5249,2.5617,2.5764,2.5803,2.5796,2.5777,2.5741,2.5728,2.4836,2.5431,2.569,2.5783,2.5799,2.5787,2.5759,2.5735,2.5701,2.5679,2.5357,2.5639,2.5749,2.577,2.5731,2.5689,2.5667,2.5667,2.5542,2.5682,2.5732,2.5732,2.5678,2.5671,2.568,2.5713,2.5675,2.5599,2.5677,2.5703,2.5675,2.5676,2.5699,2.5667,2.5673,2.5613,2.5482
2026-01-20,2.4113,2.4932,2.5305,2.5455,2.5499,2.5496,2.5482,2.545,2.543,2.4518,2.5116,2.5379,2.5477,2.5497,2.5489,2.5466,2.544,2.5407,2.5385,2.5044,2.5331,2.5445,2.5472,2.5436,2.5394,2.5373,2.5372,2.5237,2.538,2.5433,2.5436,2.5384,2.5377,2.5381,2.5417,2.5381,2.5299,2.5379,2.5408,2.5381,2.5378,2.5404,2.537,2.5378,2.5315,2.5183
2026-01-21,2.4137,2.4931,2.528,2.5407,2.5434,2.5417,2.5391,2.5362,2.5329,2.4529,2.5103,2.5343,2.542,2.5425,2.5404,2.5377,2.5346,2.5306,2.5278,2.5022,2.5288,2.5385,2.5388,2.534,2.5289,2.5265,2.527,2.5182,2.5312,2.5354,2.5342,2.5278,2.5268,2.5301,2.5319,2.5275,2.5222,2.5294,2.5309,2.5274,2.529,2.5302,2.528,2.5279,2.523,2.5104
2026-01-22,2.3768,2.4603,2.499,2.5138,2.5179,2.5183,2.5157,2.5138,2.5112,2.418,2.4794,2.5063,2.5158,2.5181,2.517,2.5148,2.5125,2.5085,2.5063,2.4719,2.5012,2.5127,2.5155,2.5117,2.5072,2.5056,2.5053,2.4915,2.5061,2.5114,2.5116,2.5065,2.5056,2.5061,2.5098,2.5061,2.4979,2.506,2.5089,2.5061,2.5058,2.5084,2.505,2.5058,2.4994,2.486
2026-01-23,2.2552,2.3521,2.398,2.4173,2.4244,2.4246,2.4238,2.4213,2.4198,2.3031,2.3747,2.4075,2.4208,2.4245,2.4242,2.4226,2.4206,2.4176,2.4148,2.3675,2.4024,2.4173,2.4228,2.4201,2.4159,2.4141,2.4143,2.3929,2.4107,2.4178,2.4196,2.4151,2.4142,2.4119,2.418,2.4148,2.4025,2.4123,2.4172,2.4147,2.4126,2.4167,2.4116,2.4134,2.4049,2.3894
2026-01-26,2.3323,2.4269,2.4704,2.4877,2.4938,2.4935,2.4912,2.4882,2.4865,2.3791,2.4484,2.4789,2.4907,2.4937,2.4924,2.4897,2.4873,2.4838,2.4817,2.4403,2.4737,2.4871,2.4907,2.4868,2.4826,2.48,2.4804,2.4631,2.4798,2.4861,2.4869,2.4813,2.4804,2.4802,2.4849,2.4811,2.4709,2.4801,2.4839,2.4809,2.4802,2.4834,2.4792,2.4803,2.4728,2.4577
2026-01-27,2.4001,2.4777,2.5085,2.5172,2.5164,2.5109,2.5068,2.502,2.4971,2.4384,2.4929,2.5128,2.5168,2.5137,2.5089,2.5044,2.4996,2.4944,2.4904,2.4826,2.5057,2.512,2.5069,2.4991,2.4921,2.4891,2.4884,2.492,2.5026,2.5045,2.4999,2.4907,2.4885,2.4989,2.4967,2.49,2.4911,2.4968,2.495,2.4897,2.4955,2.494,2.4942,2.4922,2.4902,2.4783
2026-01-28,2.3669,2.4499,2.4863,2.4995,2.503,2.5008,2.4976,2.4953,2.4915,2.4079,2.4678,2.4928,2.5012,2.5019,2.4992,2.4964,2.4934,2.4892,2.4864,2.4595,2.4873,2.4973,2.4978,2.4927,2.4876,2.4851,2.4851,2.4762,2.4898,2.4942,2.493,2.4864,2.4855,2.4887,2.4907,2.4861,2.4805,2.4879,2.4895,2.486,2.4875,2.489,2.4865,2.4865,2.4814,2.4683
2026-01-29,2.3544,2.4405,2.4809,2.4978,2.504,2.5043,2.5033,2.5009,2.4994,2.397,2.4605,2.4892,2.5009,2.5042,2.5038,2.5021,2.5002,2.4978,2.4951,2.4538,2.4848,2.4978,2.5025,2.4999,2.4962,2.4948,2.4943,2.4761,2.4919,2.4981,2.4995,2.4956,2.4945,2.4928,2.4981,2.4952,2.4845,2.4932,2.4974,2.4951,2.4933,2.4969,2.4925,2.494,2.4865,2.4726
2026-01-30,2.3185,2.412,2.4557,2.4738,2.4796,2.4799,2.4784,2.4766,2.4742,2.3647,2.4336,2.4646,2.4766,2.4797,2.4792,2.4776,2.4755,2.472,2.4692,2.426,2.4594,2.4732,2.4778,2.4747,2.4703,2.4685,2.4684,2.4497,2.4666,2.4731,2.4743,2.4695,2.4685,2.4673,2.4726,2.4691,2.4582,2.4675,2.4717,2.4691,2.4676,2.4713,2.4667,2.4681,2.4603,2.4453
2026-02-02,2.3687,2.4605,2.5013,2.5164,2.5205,2.5187,2.5159,2.5131,2.51,2.4141,2.4806,2.5087,2.5184,2.5196,2.5173,2.5145,2.5116,2.5067,2.5039,2.4717,2.5028,2.5144,2.5158,2.5106,2.5051,2.5027,2.5031,2.4912,2.5065,2.5116,2.5108,2.5039,2.5027,2.5056,2.5084,2.5037,2.4965,2.505,2.5073,2.5034,2.5047,2.5065,2.5035,2.5037,2.4977,2.4831
2026-02-03,2.3683,2.4644,2.5069,2.522,2.5255,2.5237,2.5202,2.5161,2.5133,2.4158,2.4854,2.5144,2.5238,2.5246,2.522,2.5182,2.5147,2.5096,2.5068,2.4756,2.5078,2.5195,2.5199,2.5139,2.508,2.5056,2.5049,2.495,2.5107,2.5157,2.5143,2.5068,2.5052,2.5094,2.5117,2.5063,2.4999,2.5086,2.5103,2.5061,2.508,2.5096,2.5068,2.5067,2.5008,2.4856
2026-02-04,2.3751,2.4751,2.5205,2.5387,2.543,2.543,2.5403,2.5371,2.5338,2.4245,2.4975,2.5295,2.5408,2.543,2.5417,2.5387,2.5355,2.5315,2.5282,2.4885,2.5233,2.5369,2.5396,2.535,2.5296,2.527,2.527,2.5114,2.5288,2.535,2.5349,2.5284,2.5275,2.5285,2.5326,2.528,2.5186,2.5282,2.5314,2.528,2.528,2.5309,2.5269,2.5277,2.5203,2.5043
2026-02-05,2.3183,2.4276,2.4784,2.4994,2.5057,2.5061,2.5045,2.5015,2.4995,2.3723,2.4527,2.4887,2.5025,2.5059,2.5053,2.503,2.5005,2.4959,2.4937,2.4437,2.4825,2.4985,2.5035,2.4996,2.4946,2.4921,2.4926,2.471,2.4905,2.498,2.4994,2.4934,2.4922,2.4913,2.4972,2.4932,2.4806,2.4915,2.4963,2.4929,2.4916,2.4956,2.4904,2.492,2.4829,2.4654
2026-02-06,2.3892,2.5011,2.5536,2.5751,2.5818,2.5828,2.5805,2.5781,2.5757,2.4444,2.527,2.5642,2.5784,2.5823,2.5816,2.5793,2.577,2.5728,2.5701,2.5178,2.5579,2.5744,2.5799,2.5761,2.5712,2.5684,2.5691,2.5461,2.5664,2.5743,2.5758,2.5699,2.569,2.5673,2.5736,2.5697,2.5563,2.5675,2.5727,2.5695,2.5678,2.5721,2.5666,2.5684,2.5589,2.5407
2026-02-09,2.3462,2.4615,2.5169,2.541,2.5507,2.5525,2.5517,2.5496,2.5479,2.4031,2.4888,2.5288,2.5458,2.5516,2.5521,2.5507,2.5487,2.5453,2.5432,2.4808,2.5234,2.5421,2.5505,2.548,2.544,2.542,2.5422,2.5131,2.535,2.5442,2.5475,2.5431,2.5423,2.5373,2.5459,2.5429,2.526,2.5382,2.5451,2.5428,2.5388,2.5447,2.5378,2.5407,2.5294,2.5106
2026-02-10,2.3003,2.4167,2.4739,2.5001,2.5107,2.5137,2.5143,2.5135,2.5109,2.3578,2.445,2.4868,2.5053,2.5122,2.514,2.5139,2.5122,2.5097,2.5076,2.4379,2.4819,2.5021,2.5126,2.5117,2.5085,2.507,2.5069,2.4729,2.4959,2.506,2.5107,2.5078,2.5073,2.4992,2.5096,2.5075,2.488,2.5008,2.509,2.5075,2.5017,2.5088,2.5009,2.5045,2.4922,2.4731
2026-02-11,2.3106,2.4258,2.4826,2.5093,2.5201,2.5237,2.5242,2.5224,2.5219,2.3675,2.4538,2.4958,2.5146,2.5218,2.5239,2.5233,2.5222,2.5196,2.5175,2.4472,2.4911,2.5115,2.5224,2.5216,2.5184,2.5174,2.517,2.4825,2.5054,2.5156,2.5205,2.5179,2.5173,2.509,2.5196,2.5176,2.4979,2.5107,2.5191,2.5177,2.5116,2.5189,2.5108,2.5146,2.5021,2.4831
2026-02-12,2.2646,2.3843,2.4437,2.4717,2.4825,2.4867,2.4873,2.4858,2.4853,2.3237,2.4137,2.4576,2.477,2.4846,2.487,2.4866,2.4856,2.4824,2.4814,2.4068,2.4526,2.4739,2.4855,2.4847,2.4818,2.4804,2.4799,2.4439,2.4677,2.4784,2.4838,2.4811,2.4807,2.4717,2.4828,2.4808,2.4601,2.4733,2.4822,2.4809,2.4744,2.4821,2.4736,2.4776,2.4646,2.4449
2026-02-13,2.2743,2.3974,2.4592,2.4882,2.5014,2.5057,2.5063,2.5062,2.5047,2.3351,2.4279,2.4735,2.4947,2.5035,2.506,2.5062,2.5055,2.5032,2.5011,2.4215,2.4691,2.4916,2.5048,2.5048,2.502,2.501,2.5008,2.4608,2.4858,2.4974,2.5035,2.5015,2.501,2.4903,2.5028,2.5013,2.4786,2.4925,2.5024,2.5013,2.4938,2.5022,2.4929,2.4975,2.4834,2.4631
2026-02-16,2.2881,2.4177,2.4832,2.515,2.5296,2.5347,2.5363,2.5357,2.5349,2.3521,2.45,2.4989,2.5222,2.5321,2.5355,2.536,2.5353,2.5331,2.5322,2.4439,2.4946,2.5191,2.5342,2.5347,2.5325,2.5312,2.5316,2.4866,2.5134,2.526,2.5334,2.5319,2.532,2.5188,2.5328,2.5318,2.5063,2.5213,2.5325,2.532,2.5229,2.5325,2.5222,2.5275,2.5119,2.4904
2026-02-17,2.261,2.3882,2.4532,2.485,2.4997,2.5053,2.5074,2.5075,2.5068,2.3238,2.4203,2.4689,2.4922,2.5024,2.5063,2.5075,2.5072,2.5056,2.5041,2.4146,2.4649,2.4895,2.5053,2.5066,2.5047,2.5036,2.5036,2.4578,2.4845,2.4973,2.505,2.5042,2.5041,2.4902,2.5046,2.504,2.478,2.4929,2.5044,2.5041,2.4946,2.5044,2.4939,2.4994,2.4837,2.4626
2026-02-18,2.1537,2.2926,2.3657,2.4028,2.4212,2.4297,2.4327,2.4347,2.4337,2.2223,2.3287,2.384,2.4119,2.4254,2.4311,2.4337,2.4342,2.4336,2.4327,2.3241,2.3808,2.4096,2.4302,2.4336,2.4331,2.4323,2.433,2.3753,2.4056,2.421,2.4316,2.4327,2.4332,2.4136,2.4318,2.4328,2.4005,2.4175,2.432,2.4329,2.4199,2.4322,2.4193,2.4265,2.4078,2.3847
2026-02-19,2.1587,2.301,2.3756,2.4135,2.4329,2.4408,2.444,2.4459,2.4445,2.2291,2.3379,2.3943,2.4231,2.4368,2.4424,2.445,2.4452,2.4451,2.4442,2.3332,2.3911,2.4206,2.4415,2.4449,2.4446,2.4438,2.4436,2.3853,2.4164,2.4321,2.4429,2.4442,2.4444,2.4246,2.4432,2.444,2.4112,2.4285,2.4433,2.4443,2.4309,2.4436,2.4303,2.4377,2.4186,2.3949
2026-02-20,2.0749,2.2197,2.2981,2.3389,2.3599,2.3711,2.3754,2.3778,2.3784,2.1465,2.2584,2.3182,2.3493,2.3654,2.3733,2.3766,2.3781,2.3786,2.3778,2.2551,2.3158,2.3478,2.3723,2.3777,2.3781,2.3783,2.3789,2.3122,2.345,2.3622,2.3751,2.3782,2.379,2.3547,2.376,2.3784,2.3413,2.3597,2.3766,2.3785,2.3626,2.377,2.3622,2.3707,2.3498,2.3257
2026-02-23,2.0434,2.1883,2.2674,2.3093,2.3326,2.3434,2.3492,2.3515,2.3528,2.115,2.2274,2.2881,2.3208,2.3379,2.3463,2.3504,2.3521,2.354,2.3532,2.225,2.2865,2.3195,2.3457,2.3522,2.3535,2.3537,2.3545,2.284,2.3175,2.3354,2.3494,2.3536,2.3544,2.3281,2.3507,2.3539,2.3148,2.3335,2.3515,2.3539,2.3367,2.3519,2.3363,2.3455,2.3238,2.2996
2026-02-24,2.041,2.1803,2.2564,2.2972,2.3187,2.3295,2.3349,2.3374,2.3384,2.1099,2.2179,2.2765,2.3078,2.3241,2.3322,2.3361,2.3379,2.3393,2.3391,2.2157,2.2748,2.3065,2.3316,2.3378,2.3392,2.3391,2.3397,2.2723,2.3045,2.3217,2.3352,2.3391,2.3401,2.3147,2.3363,2.3393,2.3019,2.3198,2.337,2.3395,2.323,2.3376,2.3226,2.3314,2.3106,2.2874
2026-02-25,2.0708,2.2129,2.2909,2.332,2.3543,2.3651,2.3707,2.3741,2.3738,2.1411,2.2515,2.3112,2.343,2.3596,2.3679,2.3724,2.3739,2.3753,2.3745,2.2491,2.3093,2.3417,2.3674,2.3738,2.3749,2.3751,2.3755,2.3068,2.3397,2.3572,2.3709,2.375,2.3757,2.35,2.3721,2.3751,2.3369,2.3553,2.3728,2.3753,2.3584,2.3733,2.358,2.367,2.3457,2.3219
2026-02-26,2.0989,2.2501,2.3341,2.381,2.4065,2.4209,2.4283,2.4312,2.4342,2.1737,2.2916,2.3573,2.3936,2.4136,2.4246,2.4297,2.4327,2.4348,2.4358,2.2907,2.3566,2.3931,2.4239,2.4326,2.4354,2.4365,2.4368,2.3561,2.3923,2.4124,2.4293,2.4359,2.4373,2.4052,2.4314,2.4362,2.3913,2.4117,2.4325,2.4365,2.4156,2.4334,2.4155,2.4264,2.4018,2.3761
2026-02-27,2.1287,2.2784,2.3615,2.4071,2.432,2.4453,2.4525,2.4555,2.4579,2.2027,2.3195,2.384,2.4194,2.4386,2.4489,2.454,2.4566,2.4581,2.4591,2.3181,2.3829,2.4186,2.4483,2.4564,2.4587,2.4598,2.4601,2.3819,2.4174,2.437,2.4532,2.4592,2.4606,2.4298,2.4551,2.4595,2.4159,2.436,2.4561,2.4598,2.4397,2.4569,2.4395,2.4501,2.426,2.4006
2026-03-02,2.104,2.2533,2.3365,2.3824,2.4072,2.4206,2.4277,2.4307,2.4331,2.1778,2.2944,2.3592,2.3947,2.4138,2.4241,2.4292,2.4319,2.4347,2.4345,2.2932,2.3581,2.3938,2.4236,2.4321,2.4346,2.4352,2.4361,2.3572,2.3929,2.4125,2.4288,2.4349,2.4364,2.4052,2.4306,2.4352,2.3914,2.4115,2.4318,2.4355,2.4153,2.4325,2.4151,2.4257,2.4016,2.3763
2026-03-03,2.1679,2.3119,2.3915,2.4347,2.4575,2.4696,2.4757,2.4792,2.4809,2.2391,2.3512,2.4128,2.4459,2.4635,2.4726,2.4774,2.48,2.4808,2.4818,2.3494,2.4112,2.4448,2.4723,2.4794,2.4814,2.4814,2.4822,2.4094,2.4432,2.4616,2.4766,2.4814,2.483,2.4546,2.478,2.4817,2.4411,2.4601,2.4789,2.4821,2.4636,2.4796,2.4634,2.4732,2.4505,2.426
2026-03-04,2.1408,2.2872,2.369,2.4135,2.4382,2.4515,2.4576,2.4614,2.4643,2.2132,2.3277,2.391,2.4257,2.4448,2.4545,2.4595,2.4628,2.4645,2.4649,2.3264,2.39,2.4249,2.4543,2.4624,2.4648,2.4656,2.4661,2.389,2.424,2.4432,2.4592,2.4652,2.4664,2.4361,2.4611,2.4654,2.4226,2.4422,2.4621,2.4657,2.4459,2.4628,2.4457,2.4562,2.4325,2.4075
2026-03-05,2.1576,2.3041,2.3859,2.4301,2.4548,2.4674,2.4741,2.4779,2.4797,2.23,2.3445,2.4077,2.4423,2.461,2.4707,2.476,2.4788,2.4803,2.4807,2.3431,2.4065,2.4414,2.4705,2.4784,2.4805,2.4813,2.4816,2.4054,2.4403,2.4594,2.4752,2.4809,2.4821,2.4522,2.477,2.4811,2.4386,2.4582,2.4779,2.4814,2.4618,2.4787,2.4617,2.472,2.4484,2.4234
2026-03-06,2.2673,2.4037,2.4787,2.5194,2.5405,2.5521,2.5575,2.5604,2.5621,2.3346,2.4407,2.4988,2.5298,2.5462,2.5548,2.5589,2.5612,2.5627,2.5625,2.4386,2.4971,2.5287,2.5543,2.561,2.5626,2.5626,2.5635,2.495,2.527,2.5443,2.5582,2.5626,2.5642,2.5374,2.5595,2.5629,2.5246,2.5426,2.5603,2.5633,2.5459,2.561,2.5457,2.5549,2.5334,2.51
2026-03-09,2.3039,2.4388,2.5147,2.5574,2.5815,2.594,2.6013,2.6062,2.6071,2.3705,2.4763,2.5358,2.5693,2.5877,2.5976,2.6037,2.6066,2.6091,2.6101,2.4759,2.5354,2.5687,2.5977,2.6064,2.6096,2.6102,2.6112,2.5355,2.5686,2.5872,2.6033,2.6099,2.6119,2.5808,2.6053,2.6103,2.5681,2.5868,2.6065,2.6108,2.5906,2.6075,2.5906,2.6012,2.5779,2.5544
2026-03-10,2.2269,2.373,2.4567,2.5052,2.5322,2.5487,2.5568,2.5626,2.5653,2.2991,2.4143,2.4807,2.5185,2.5404,2.5527,2.5597,2.564,2.5673,2.569,2.4152,2.481,2.5187,2.5527,2.5637,2.5683,2.5697,2.5711,2.483,2.5198,2.5409,2.56,2.5689,2.5711,2.5343,2.5628,2.5696,2.5207,2.5416,2.5645,2.5699,2.5461,2.5655,2.5461,2.5585,2.5321,2.5066
2026-03-11,2.2569,2.3927,2.4697,2.513,2.5369,2.5508,2.558,2.5616,2.5638,2.324,2.4307,2.4911,2.5248,2.5438,2.5544,2.5598,2.5627,2.5651,2.5661,2.4305,2.4907,2.5246,2.5539,2.5626,2.5657,2.5668,2.5679,2.4911,2.5244,2.5432,2.5594,2.5662,2.568,2.5367,2.5616,2.5667,2.524,2.5429,2.5629,2.567,2.5467,2.5637,2.5467,2.5573,2.5339,2.5103
2026-03-12,2.2454,2.376,2.4521,2.4961,2.5218,2.5362,2.5444,2.5488,2.5522,2.3099,2.4136,2.4738,2.5088,2.5289,2.5402,2.5466,2.5505,2.5545,2.5555,2.415,2.4745,2.509,2.5403,2.5507,2.5551,2.5566,2.5575,2.4769,2.5102,2.5296,2.5472,2.5558,2.5579,2.5236,2.55,2.5563,2.5115,2.5304,2.5515,2.5567,2.5346,2.5526,2.5347,2.5462,2.522,2.4991
2026-03-13,2.2592,2.3845,2.4584,2.5016,2.5271,2.5421,2.5506,2.5559,2.5597,2.3211,2.421,2.4798,2.5142,2.5345,2.5463,2.5532,2.5578,2.5613,2.5635,2.423,2.4808,2.5149,2.5467,2.5576,2.5626,2.5646,2.565,2.4842,2.5168,2.5361,2.5541,2.5635,2.5655,2.5306,2.5572,2.5639,2.5191,2.5376,2.5588,2.5644,2.5418,2.5599,2.542,2.5537,2.5296,2.5075
2026-03-16,2.3157,2.4358,2.5067,2.5482,2.5727,2.5864,2.596,2.5997,2.603,2.375,2.4708,2.5272,2.5603,2.5794,2.5911,2.5978,2.6013,2.6053,2.6075,2.4727,2.5281,2.5609,2.5912,2.6017,2.6066,2.6077,2.6093,2.5313,2.5626,2.581,2.5984,2.6071,2.6097,2.5757,2.6011,2.6077,2.5645,2.5823,2.6028,2.6082,2.5865,2.6039,2.5867,2.5979,2.5747,2.5534
2026-03-17,2.3804,2.487,2.548,2.5828,2.6023,2.6132,2.6199,2.6234,2.6262,2.433,2.5171,2.5652,2.5924,2.6077,2.6165,2.6216,2.6248,2.6265,2.628,2.5174,2.5651,2.5923,2.6167,2.6244,2.6273,2.6285,2.6294,2.5662,2.5928,2.6081,2.6217,2.6279,2.6296,2.6032,2.6237,2.6283,2.5932,2.6084,2.6248,2.6286,2.6116,2.6256,2.6116,2.6205,2.6013,2.5826
2026-03-18,2.3783,2.4862,2.5488,2.5853,2.6071,2.6189,2.6263,2.6301,2.6318,2.4316,2.5171,2.5668,2.5961,2.6129,2.6225,2.6282,2.631,2.6345,2.636,2.5183,2.5676,2.5963,2.6225,2.6313,2.6354,2.6366,2.637,2.5696,2.5974,2.6136,2.6285,2.6359,2.6377,2.6087,2.6309,2.6362,2.5987,2.6144,2.6321,2.6367,2.6178,2.6331,2.6181,2.6278,2.6074,2.5883
2026-03-19,2.4033,2.5136,2.5779,2.6147,2.6373,2.649,2.6573,2.661,2.6634,2.4578,2.5454,2.5961,2.6259,2.6431,2.6531,2.6591,2.6622,2.665,2.6666,2.5465,2.5968,2.6262,2.6532,2.6622,2.6659,2.6677,2.6685,2.599,2.6274,2.6439,2.6592,2.6667,2.6689,2.6389,2.6616,2.6672,2.6286,2.6448,2.663,2.6677,2.6484,2.664,2.6486,2.6586,2.6376,2.618
2026-03-20,2.3892,2.4975,2.5602,2.5963,2.6163,2.6285,2.6348,2.6392,2.6407,2.4427,2.5284,2.578,2.6062,2.6223,2.6316,2.6369,2.6399,2.643,2.6439,2.5291,2.5781,2.6063,2.6316,2.64,2.6435,2.6445,2.6447,2.5795,2.6071,2.6229,2.6372,2.644,2.6456,2.6179,2.6393,2.6442,2.6077,2.6233,2.6404,2.6447,2.6265,2.6413,2.6267,2.6361,2.6162,2.597
2026-03-23,2.4264,2.5352,2.5975,2.634,2.6553,2.6664,2.6736,2.6772,2.6798,2.4801,2.5659,2.6155,2.6445,2.6607,2.6699,2.6753,2.6785,2.6818,2.6827,2.5668,2.616,2.6444,2.6701,2.6787,2.6823,2.6833,2.6838,2.6176,2.6453,2.6613,2.6758,2.6828,2.6845,2.6562,2.678,2.6831,2.646,2.6617,2.6792,2.6835,2.6651,2.6801,2.6653,2.6749,2.6546,2.6353
2026-03-24,2.375,2.4877,2.5528,2.5904,2.6121,2.6238,2.631,2.6349,2.6376,2.4306,2.5198,2.5713,2.6011,2.6179,2.6274,2.6329,2.6362,2.6395,2.6399,2.5207,2.5716,2.601,2.6276,2.6364,2.6397,2.641,2.6418,2.5733,2.6019,2.6184,2.6333,2.6403,2.6422,2.6131,2.6355,2.6407,2.6026,2.6188,2.6368,2.6411,2.6223,2.6377,2.6224,2.6322,2.6114,2.5915
2026-03-25,2.401,2.5166,2.5828,2.6199,2.6413,2.6531,2.6601,2.6635,2.6652,2.4581,2.5493,2.6011,2.6305,2.6471,2.6566,2.6618,2.6644,2.6672,2.6676,2.5493,2.601,2.6305,2.6563,2.6646,2.6674,2.6687,2.6695,2.6018,2.6307,2.6471,2.6615,2.668,2.6699,2.6415,2.6636,2.6684,2.6307,2.6471,2.6648,2.6688,2.6505,2.6656,2.6506,2.6602,2.6394,2.619
2026-03-26,2.481,2.5914,2.6517,2.6841,2.7009,2.7101,2.7135,2.7167,2.7173,2.5355,2.6211,2.6676,2.6924,2.7054,2.7118,2.7151,2.717,2.7175,2.7172,2.619,2.6661,2.6912,2.7115,2.7164,2.7173,2.7178,2.7181,2.6638,2.6896,2.7034,2.7142,2.7175,2.7188,2.6977,2.7152,2.7177,2.6871,2.7018,2.7158,2.7181,2.7042,2.7164,2.7041,2.7116,2.6941,2.6748
2026-03-27,2.4115,2.5294,2.5969,2.6351,2.6569,2.6693,2.6756,2.6797,2.6821,2.4697,2.5627,2.6158,2.6459,2.663,2.6724,2.6776,2.6809,2.683,2.684,2.5629,2.6158,2.6458,2.6724,2.6806,2.6836,2.6852,2.6857,2.6166,2.646,2.6628,2.6776,2.6843,2.686,2.6572,2.6798,2.6847,2.6461,2.6629,2.681,2.6851,2.6663,2.6818,2.6664,2.6762,2.6549,2.6341
2026-03-30,2.4885,2.5995,2.6618,2.6968,2.7162,2.7271,2.7332,2.7364,2.7375,2.5433,2.6302,2.6791,2.7064,2.7216,2.7301,2.7348,2.7369,2.7391,2.7394,2.6296,2.6786,2.7061,2.7298,2.737,2.7393,2.7405,2.741,2.6785,2.7058,2.7211,2.7342,2.7399,2.7413,2.7157,2.736,2.7402,2.7052,2.7207,2.7371,2.7405,2.7238,2.7377,2.7237,2.7326,2.7131,2.6935
2026-03-31,2.4979,2.614,2.6772,2.7113,2.7294,2.7386,2.7425,2.7454,2.7463,2.5552,2.6452,2.694,2.7202,2.7339,2.7405,2.744,2.7459,2.7462,2.7465,2.643,2.6925,2.7189,2.7402,2.7453,2.7464,2.7466,2.7475,2.69,2.7171,2.7316,2.7431,2.7465,2.7477,2.7256,2.7441,2.7468,2.7145,2.7299,2.7448,2.747,2.7326,2.7453,2.7323,2.7402,2.7217,2.7014
2026-04-01,2.507,2.622,2.6834,2.7161,2.733,2.7409,2.7443,2.7461,2.747,2.5638,2.6523,2.6995,2.7244,2.7369,2.7426,2.7452,2.7465,2.7468,2.7466,2.6494,2.6975,2.7227,2.7421,2.7462,2.7467,2.7466,2.7476,2.694,2.7202,2.7339,2.7442,2.7467,2.7477,2.7279,2.7449,2.7469,2.7168,2.7317,2.7455,2.7471,2.7341,2.7458,2.7337,2.7409,2.7235,2.7035
2026-04-02,2.5238,2.6357,2.6968,2.7289,2.7459,2.7542,2.7588,2.7604,2.761,2.579,2.6658,2.7126,2.7373,2.75,2.7565,2.7596,2.7607,2.7612,2.761,2.6634,2.7108,2.7361,2.7559,2.7605,2.7611,2.7615,2.7619,2.708,2.7339,2.7477,2.7583,2.7613,2.7626,2.7418,2.7592,2.7615,2.731,2.7458,2.7598,2.7619,2.7482,2.7603,2.7481,2.7555,2.7379,2.7183
2026-04-03,2.5789,2.6802,2.7315,2.7575,2.7688,2.7736,2.7757,2.7755,2.7745,2.6289,2.7055,2.7443,2.7631,2.7712,2.7746,2.7756,2.775,2.7736,2.7733,2.7009,2.7411,2.7609,2.7735,2.7746,2.7734,2.7727,2.773,2.7353,2.7567,2.767,2.7735,2.7731,2.7732,2.7615,2.7733,2.7731,2.7516,2.7637,2.7732,2.7731,2.7651,2.7732,2.7646,2.7693,2.7562,2.7388
2026-04-06,2.6335,2.7334,2.7854,2.8119,2.8254,2.8299,2.8331,2.8333,2.8339,2.6828,2.759,2.7985,2.8186,2.8276,2.8315,2.8332,2.8336,2.8327,2.8324,2.7554,2.7959,2.8165,2.831,2.8332,2.8325,2.8319,2.8326,2.7913,2.8132,2.8242,2.8317,2.8322,2.8328,2.8187,2.8318,2.8324,2.8089,2.8214,2.8319,2.8325,2.8231,2.8321,2.8226,2.828,2.814,2.7966
2026-04-07,2.6299,2.7299,2.7811,2.8057,2.8172,2.8222,2.8238,2.8232,2.8228,2.6792,2.7551,2.7932,2.8114,2.8197,2.823,2.8235,2.823,2.8216,2.8207,2.7503,2.79,2.8094,2.8218,2.8226,2.8211,2.8206,2.8211,2.784,2.8052,2.8153,2.8215,2.8209,2.8211,2.8097,2.8212,2.8209,2.7999,2.8119,2.8212,2.821,2.8132,2.8212,2.8127,2.8173,2.8044,2.7871
2026-04-08,2.5673,2.663,2.7114,2.7341,2.7449,2.749,2.7495,2.7501,2.7486,2.6145,2.6869,2.7226,2.7394,2.7469,2.7492,2.7498,2.7493,2.7477,2.7462,2.6818,2.7194,2.7373,2.7484,2.7487,2.7468,2.746,2.7463,2.7132,2.7331,2.7424,2.7476,2.7464,2.7464,2.7368,2.7472,2.7464,2.7275,2.7387,2.747,2.7464,2.7398,2.7469,2.7392,2.7433,2.7315,2.7152
2026-04-09,2.5162,2.6179,2.6721,2.7005,2.7146,2.7221,2.7255,2.7263,2.7271,2.5664,2.6446,2.6861,2.7074,2.7183,2.7238,2.7259,2.7267,2.7263,2.7265,2.6417,2.6841,2.7063,2.7229,2.7263,2.7264,2.7265,2.7266,2.6808,2.7038,2.7157,2.7246,2.7265,2.7271,2.7104,2.7251,2.7265,2.7006,2.7136,2.7254,2.7267,2.7156,2.7258,2.7153,2.7215,2.7063,2.6887
2026-04-10,2.5428,2.642,2.696,2.7247,2.7407,2.748,2.7521,2.7539,2.755,2.5917,2.6686,2.7102,2.7326,2.7443,2.75,2.753,2.7544,2.7551,2.7555,2.6667,2.7089,2.7316,2.7498,2.7542,2.7553,2.7555,2.7557,2.7068,2.73,2.7424,2.7524,2.7554,2.7564,2.7374,2.7533,2.7555,2.7278,2.741,2.7537,2.7558,2.7433,2.7543,2.7431,2.7499,2.7341,2.7167
2026-04-13,2.4843,2.5886,2.6436,2.6725,2.6874,2.6947,2.6972,2.6985,2.6997,2.5357,2.6157,2.6579,2.6799,2.691,2.6959,2.6979,2.6991,2.6989,2.6986,2.6127,2.656,2.6784,2.6954,2.6986,2.6987,2.6986,2.6992,2.6524,2.6759,2.688,2.6969,2.6986,2.6995,2.6825,2.6974,2.6988,2.6725,2.6858,2.6978,2.699,2.6878,2.6981,2.6875,2.6937,2.6784,2.6604
2026-04-14,2.4443,2.5567,2.6182,2.6509,2.6684,2.6779,2.6822,2.6842,2.6853,2.4998,2.5871,2.6343,2.6595,2.6731,2.68,2.6832,2.6847,2.6855,2.6858,2.5849,2.6329,2.6587,2.6794,2.6845,2.6857,2.6859,2.687,2.6307,2.657,2.6711,2.6823,2.6858,2.6869,2.6654,2.6833,2.6861,2.6546,2.6696,2.6841,2.6863,2.6722,2.6845,2.6719,2.6796,2.6617,2.6422
2026-04-15,2.3879,2.5148,2.5859,2.6258,2.6473,2.6604,2.6661,2.6691,2.6718,2.4506,2.5499,2.6055,2.6364,2.6538,2.6632,2.6676,2.6704,2.6731,2.6735,2.5491,2.605,2.636,2.6626,2.6705,2.6733,2.6741,2.675,2.6046,2.6356,2.6529,2.6676,2.6737,2.6754,2.6467,2.6695,2.6741,2.6347,2.6523,2.6706,2.6744,2.6558,2.6714,2.6557,2.6656,2.6437,2.6215
2026-04-16,2.3983,2.5215,2.5885,2.6237,2.6427,2.6515,2.6569,2.6581,2.6591,2.4591,2.5546,2.6059,2.633,2.647,2.6542,2.6575,2.6586,2.6594,2.6597,2.5519,2.6039,2.6318,2.6535,2.6585,2.6596,2.6593,2.6601,2.601,2.6295,2.6446,2.6563,2.6595,2.6608,2.6383,2.6572,2.6596,2.6264,2.6425,2.6578,2.66,2.6452,2.6584,2.645,2.653,2.634,2.6127
2026-04-17,2.4369,2.5581,2.6254,2.6616,2.6812,2.6921,2.6962,2.6994,2.7009,2.4968,2.5914,2.6433,2.6712,2.6866,2.6941,2.6978,2.7002,2.7012,2.7015,2.5896,2.642,2.6704,2.6937,2.6997,2.7014,2.7021,2.7023,2.6401,2.6689,2.6846,2.6973,2.7017,2.7029,2.6785,2.6987,2.7019,2.6669,2.6833,2.6994,2.7023,2.6861,2.7001,2.686,2.6947,2.6748,2.6536
2026-04-20,2.5545,2.6696,2.7318,2.7657,2.783,2.7928,2.7963,2.7988,2.7992,2.6113,2.7003,2.7485,2.7742,2.7878,2.7945,2.7975,2.799,2.8005,2.7996,2.6979,2.7469,2.7731,2.7938,2.799,2.8,2.8007,2.8007,2.7443,2.7712,2.7855,2.7967,2.8003,2.8011,2.7795,2.7979,2.8004,2.7685,2.7838,2.7984,2.8007,2.7863,2.7989,2.7861,2.7939,2.7755,2.7553
2026-04-21,2.5508,2.6643,2.7263,2.7591,2.7766,2.7858,2.7904,2.7917,2.7939,2.6068,2.6949,2.7425,2.7677,2.7812,2.7881,2.791,2.7928,2.7931,2.7934,2.6925,2.7408,2.7668,2.7875,2.7924,2.7933,2.794,2.7941,2.7383,2.7648,2.779,2.7902,2.7936,2.7948,2.7732,2.7913,2.7938,2.7622,2.7773,2.7918,2.7941,2.7799,2.7924,2.7797,2.7874,2.7693,2.7493
2026-04-22,2.511,2.6285,2.693,2.7278,2.747,2.7565,2.7613,2.7631,2.7656,2.569,2.6603,2.7101,2.7372,2.7517,2.7589,2.7622,2.7643,2.7651,2.7661,2.6584,2.7089,2.7362,2.7585,2.764,2.7657,2.7657,2.767,2.7068,2.7346,2.7496,2.7618,2.7657,2.7673,2.7437,2.7629,2.7661,2.7323,2.7481,2.7638,2.7664,2.751,2.7643,2.7508,2.7591,2.74,2.7193
2026-04-23,2.4718,2.5939,2.6611,2.6985,2.7181,2.7287,2.7349,2.7367,2.7385,2.5321,2.6271,2.6795,2.7082,2.7234,2.7318,2.7358,2.7376,2.7391,2.74,2.6255,2.6783,2.7073,2.7311,2.7376,2.7396,2.7397,2.7408,2.6768,2.706,2.7219,2.7351,2.7397,2.7413,2.7158,2.7364,2.74,2.7041,2.7207,2.7373,2.7404,2.7237,2.738,2.7236,2.7325,2.7123,2.6908
2026-04-24,2.4615,2.5752,2.6403,2.6771,2.6978,2.7101,2.7165,2.7202,2.7215,2.5177,2.6073,2.6584,2.6873,2.7039,2.7133,2.7183,2.7209,2.7235,2.7245,2.6074,2.6584,2.6874,2.7129,2.7209,2.724,2.7251,2.7264,2.6591,2.6876,2.7038,2.7181,2.7245,2.7263,2.6983,2.7201,2.7251,2.6876,2.7038,2.7214,2.7253,2.7072,2.7221,2.7072,2.7167,2.6961,2.6759
2026-04-27,2.5138,2.6179,2.679,2.7139,2.7348,2.7468,2.7536,2.7581,2.7601,2.5652,2.6481,2.6962,2.7242,2.7407,2.7501,2.7558,2.7591,2.7617,2.7632,2.649,2.6968,2.7246,2.7503,2.7589,2.7626,2.7644,2.7648,2.6988,2.7258,2.7415,2.756,2.7634,2.7652,2.7367,2.7584,2.7638,2.7269,2.7423,2.7597,2.7642,2.7457,2.7606,2.7459,2.7555,2.7353,2.7166
2026-04-28,2.479,2.5857,2.6493,2.6878,2.7109,2.7247,2.733,2.7378,2.7416,2.5317,2.6171,2.6683,2.6992,2.7177,2.7288,2.7354,2.7397,2.7432,2.7454,2.6196,2.6699,2.7001,2.7292,2.7396,2.7445,2.7466,2.7478,2.6738,2.7024,2.7196,2.7363,2.7455,2.7479,2.715,2.7393,2.7462,2.705,2.7214,2.741,2.7465,2.7254,2.7421,2.7257,2.7366,2.7145,2.6952
2026-04-29,2.4347,2.5491,2.6161,2.6552,2.6778,2.6916,2.6986,2.7037,2.7064,2.4912,2.5822,2.6354,2.6663,2.6846,2.6951,2.7011,2.705,2.7084,2.7099,2.5835,2.6361,2.6668,2.6953,2.705,2.7093,2.7111,2.7121,2.6386,2.6683,2.6857,2.7018,2.7101,2.7124,2.6805,2.7045,2.7107,2.6698,2.6867,2.706,2.7111,2.6906,2.707,2.6908,2.7014,2.6793,2.6588
2026-04-30,2.4995,2.6048,2.6646,2.6988,2.718,2.728,2.7347,2.7376,2.7398,2.5515,2.6343,2.6815,2.7082,2.7229,2.7313,2.7361,2.7387,2.741,2.7414,2.6343,2.6812,2.7079,2.7313,2.7387,2.7412,2.7425,2.743,2.6818,2.7081,2.7229,2.7359,2.7418,2.7432,2.7178,2.7378,2.7421,2.7079,2.7228,2.7389,2.7424,2.7258,2.7396,2.7258,2.7346,2.7156,2.6969
2026-05-01,2.4386,2.5489,2.6121,2.6475,2.6678,2.6783,2.6846,2.688,2.6904,2.4931,2.5801,2.6296,2.6575,2.673,2.6814,2.6863,2.6892,2.6914,2.6923,2.5801,2.6293,2.6571,2.6816,2.6891,2.6919,2.6929,2.6933,2.6298,2.6572,2.6728,2.6864,2.6924,2.6941,2.6675,2.6883,2.6926,2.657,2.6726,2.6893,2.6931,2.6758,2.6901,2.6759,2.685,2.6652,2.6457
2026-05-04,2.388,2.4972,2.5596,2.5945,2.6145,2.6259,2.6311,2.6351,2.6372,2.4419,2.528,2.5768,2.6044,2.6201,2.6285,2.6331,2.6361,2.6378,2.6393,2.528,2.5767,2.6042,2.6285,2.6357,2.6387,2.6394,2.6405,2.5772,2.6043,2.6197,2.6333,2.639,2.6409,2.6146,2.635,2.6394,2.6042,2.6196,2.6361,2.6398,2.6228,2.6369,2.6229,2.6318,2.6124,2.5932
2026-05-05,2.382,2.4884,2.5479,2.5809,2.5989,2.6095,2.6144,2.6168,2.6185,2.4345,2.5178,2.5642,2.5898,2.6041,2.6119,2.6156,2.6176,2.6197,2.62,2.5169,2.5636,2.5895,2.6114,2.6178,2.6199,2.6206,2.6212,2.5631,2.5889,2.6033,2.6154,2.6202,2.6216,2.5981,2.6169,2.6205,2.5881,2.6027,2.6178,2.6208,2.6055,2.6184,2.6054,2.6135,2.5955,2.577
2026-05-06,2.3731,2.4738,2.531,2.5631,2.5803,2.5905,2.5961,2.5991,2.601,2.4228,2.502,2.5468,2.5716,2.5853,2.5932,2.5976,2.6001,2.6012,2.6021,2.5017,2.5463,2.5714,2.5931,2.5997,2.6017,2.6031,2.6033,2.5465,2.5713,2.5852,2.5972,2.6024,2.6037,2.5804,2.5989,2.6027,2.571,2.585,2.5998,2.6029,2.5878,2.6004,2.5878,2.5957,2.5783,2.5607
2026-05-07,2.4063,2.5025,2.557,2.5871,2.604,2.6126,2.6187,2.6201,2.6227,2.4538,2.5294,2.5719,2.5954,2.6083,2.6156,2.6194,2.6214,2.6232,2.6235,2.529,2.5713,2.5951,2.6154,2.6215,2.6234,2.6245,2.6246,2.5713,2.5948,2.6079,2.6191,2.6239,2.625,2.6033,2.6207,2.6241,2.5943,2.6076,2.6215,2.6244,2.6102,2.6221,2.6102,2.6177,2.6011,2.5843
2026-05-08,2.4061,2.5086,2.5657,2.597,2.6152,2.6238,2.6294,2.6315,2.6332,2.4567,2.5368,2.5811,2.606,2.6195,2.6266,2.6304,2.6323,2.6344,2.6341,2.5359,2.5806,2.6054,2.6264,2.6325,2.6342,2.6351,2.6355,2.5801,2.6049,2.6186,2.6301,2.6346,2.6357,2.6135,2.6315,2.6349,2.6039,2.6179,2.6323,2.6351,2.6206,2.6329,2.6205,2.6282,2.6109,2.5931
2026-05-11,2.3938,2.4997,2.5576,2.5897,2.6063,2.6157,2.6196,2.6218,2.6238,2.4461,2.5283,2.5734,2.5979,2.6109,2.6176,2.6207,2.6228,2.6239,2.6243,2.5268,2.5723,2.597,2.6172,2.6225,2.6241,2.6243,2.625,2.5708,2.5958,2.6094,2.6204,2.6242,2.6252,2.6041,2.6216,2.6244,2.5941,2.6083,2.6223,2.6246,2.6108,2.6227,2.6106,2.618,2.601,2.5827
2026-05-12,2.327,2.4413,2.5072,2.5446,2.5665,2.5789,2.5858,2.5892,2.592,2.3834,2.4738,2.5256,2.5554,2.5726,2.5823,2.5875,2.5906,2.5936,2.5952,2.4744,2.526,2.5556,2.5822,2.5908,2.5945,2.5953,2.5963,2.5275,2.5563,2.5729,2.588,2.5949,2.5968,2.5677,2.5901,2.5953,2.557,2.5734,2.5914,2.5957,2.5769,2.5923,2.577,2.5868,2.5659,2.5459
2026-05-13,2.3463,2.4659,2.5333,2.5708,2.5919,2.6038,2.6092,2.613,2.6152,2.4054,2.4992,2.5518,2.5812,2.5978,2.6064,2.6111,2.6141,2.6165,2.6168,2.4987,2.5514,2.5809,2.6063,2.614,2.6167,2.6174,2.6185,2.5514,2.5807,2.5971,2.6112,2.617,2.6186,2.5913,2.613,2.6174,2.5801,2.5967,2.6141,2.6177,2.6,2.6148,2.5999,2.6093,2.5887,2.5678
2026-05-14,2.2748,2.3898,2.4538,2.4891,2.508,2.5183,2.5246,2.5266,2.5281,2.3316,2.4214,2.4712,2.4984,2.5131,2.5214,2.5256,2.5273,2.529,2.5293,2.4203,2.4702,2.4979,2.5209,2.5274,2.5291,2.5298,2.5305,2.4695,2.497,2.5122,2.5247,2.5294,2.5308,2.5065,2.5262,2.5297,2.4958,2.5114,2.5271,2.53,2.5143,2.5277,2.5142,2.5225,2.5037,2.4839
2026-05-15,2.2639,2.3817,2.4473,2.4833,2.5028,2.5131,2.5196,2.5215,2.5226,2.3221,2.4141,2.4651,2.493,2.5079,2.5163,2.5206,2.5221,2.5241,2.5245,2.413,2.4641,2.4924,2.5157,2.5223,2.5243,2.5245,2.5253,2.4632,2.4914,2.5069,2.5198,2.5244,2.5255,2.5011,2.5211,2.5247,2.4901,2.506,2.522,2.5249,2.5089,2.5226,2.5088,2.5172,2.498,2.4778
2026-05-18,2.2788,2.3908,2.4521,2.485,2.503,2.5119,2.5162,2.5192,2.5193,2.3341,2.421,2.4683,2.4939,2.5074,2.514,2.5177,2.5192,2.5202,2.5205,2.4193,2.4671,2.4929,2.5137,2.519,2.5204,2.5205,2.5211,2.4652,2.4914,2.5055,2.5168,2.5204,2.5214,2.5,2.5179,2.5206,2.4894,2.5042,2.5186,2.5208,2.5068,2.519,2.5066,2.5141,2.4966,2.4775
2026-05-19,2.2789,2.3921,2.4545,2.4881,2.5066,2.5163,2.5206,2.5233,2.525,2.3348,2.4229,2.4711,2.4972,2.5114,2.5184,2.5219,2.5241,2.5248,2.5252,2.4213,2.47,2.4964,2.5181,2.5237,2.525,2.5256,2.526,2.4685,2.4952,2.5096,2.5214,2.5253,2.5262,2.504,2.5226,2.5255,2.4935,2.5085,2.5233,2.5257,2.5112,2.5238,2.5109,2.5187,2.5008,2.4814
2026-05-20,2.2575,2.3783,2.4475,2.4875,2.5092,2.5218,2.5294,2.5327,2.5349,2.3172,2.4125,2.4673,2.4982,2.5154,2.5255,2.531,2.5338,2.5368,2.5378,2.413,2.4671,2.4981,2.5253,2.534,2.5374,2.5384,2.5395,2.4683,2.4985,2.5157,2.531,2.5379,2.5399,2.5101,2.5331,2.5383,2.4989,2.516,2.5344,2.5388,2.5196,2.5353,2.5197,2.5296,2.5081,2.4871
2026-05-21,2.2928,2.4107,2.4782,2.5166,2.5385,2.5503,2.5574,2.5607,2.5631,2.3511,2.4441,2.4972,2.5274,2.5443,2.5538,2.5591,2.5619,2.5647,2.5657,2.4444,2.4972,2.5272,2.5537,2.562,2.5653,2.5662,2.5674,2.4981,2.5276,2.5443,2.5591,2.5657,2.5674,2.5388,2.5612,2.5662,2.5278,2.5445,2.5625,2.5664,2.548,2.5632,2.5479,2.5576,2.5367,2.5161
2026-05-22,2.2941,2.4102,2.4765,2.5143,2.536,2.549,2.5548,2.5594,2.5616,2.3514,2.4429,2.4952,2.525,2.5424,2.5519,2.5571,2.5605,2.5628,2.5644,2.4433,2.4955,2.5251,2.5518,2.5602,2.5637,2.5645,2.5657,2.4967,2.5258,2.5425,2.5574,2.5641,2.566,2.5371,2.5595,2.5645,2.5263,2.5428,2.5607,2.5649,2.5463,2.5616,2.5463,2.556,2.5352,2.515
2026-05-25,2.2534,2.3693,2.4372,2.4769,2.4997,2.5122,2.5205,2.5252,2.5283,2.3107,2.4028,2.4568,2.4882,2.5059,2.5163,2.5228,2.5267,2.5295,2.531,2.4044,2.4574,2.4883,2.5168,2.5265,2.5304,2.5316,2.5328,2.46,2.4898,2.5072,2.5232,2.531,2.5331,2.5019,2.5257,2.5315,2.4912,2.5081,2.5271,2.5319,2.5119,2.5281,2.5121,2.5224,2.5007,2.4804
2026-05-26,2.2531,2.3772,2.4491,2.4905,2.5145,2.5287,2.5359,2.5408,2.5435,2.3144,2.4128,2.4696,2.5024,2.5215,2.5323,2.5383,2.5421,2.5454,2.5464,2.4138,2.4702,2.5027,2.5323,2.5421,2.546,2.5475,2.5487,2.4723,2.5039,2.5222,2.5387,2.5467,2.5487,2.5164,2.5413,2.5473,2.505,2.5229,2.5428,2.5476,2.5268,2.5437,2.5269,2.5377,2.5149,2.4932
2026-05-27,2.2851,2.4063,2.4756,2.5144,2.5359,2.549,2.5549,2.5588,2.5607,2.345,2.4405,2.4947,2.525,2.5424,2.5519,2.5568,2.5598,2.5623,2.5627,2.4405,2.4945,2.525,2.5516,2.5597,2.5626,2.5638,2.5644,2.4951,2.5251,2.542,2.5567,2.5631,2.5649,2.5362,2.5588,2.5635,2.5249,2.5419,2.5599,2.5639,2.5453,2.5608,2.5454,2.5551,2.5339,2.5128
2026-05-28,2.3644,2.476,2.5403,2.5778,2.5989,2.6107,2.6184,2.6221,2.6245,2.4195,2.5078,2.5588,2.5882,2.6047,2.6145,2.6202,2.6233,2.6261,2.627,2.5086,2.5591,2.5883,2.6146,2.6233,2.6266,2.6281,2.6286,2.5608,2.5891,2.6055,2.6202,2.6273,2.6289,2.6003,2.6225,2.6277,2.5899,2.606,2.6238,2.628,2.6094,2.6246,2.6095,2.6192,2.5986,2.5789
2026-05-29,2.2934,2.4111,2.4793,2.5193,2.5423,2.5555,2.5627,2.5676,2.5709,2.3516,2.4448,2.4991,2.5307,2.5488,2.5591,2.5651,2.5693,2.5719,2.5734,2.4461,2.4998,2.5308,2.5595,2.5689,2.5728,2.5745,2.5749,2.5021,2.5321,2.5496,2.5657,2.5736,2.5753,2.5443,2.5683,2.574,2.5335,2.5505,2.5696,2.5743,2.5542,2.5706,2.5544,2.5648,2.5429,2.5222
2026-06-01,2.3066,2.4269,2.4965,2.5368,2.5606,2.5736,2.5826,2.5856,2.5894,2.366,2.4613,2.5164,2.5485,2.567,2.578,2.5841,2.5875,2.591,2.592,2.4624,2.5171,2.549,2.578,2.5878,2.5916,2.5936,2.5938,2.5195,2.5502,2.568,2.5844,2.5925,2.5944,2.5626,2.5871,2.5929,2.5515,2.5689,2.5884,2.5934,2.5727,2.5895,2.5729,2.5836,2.5611,2.54
2026-06-02,2.2516,2.3759,2.4503,2.4947,2.5215,2.5369,2.5467,2.5526,2.5548,2.313,2.4126,2.4722,2.5079,2.5291,2.5417,2.5496,2.5537,2.5589,2.5605,2.4156,2.4739,2.5088,2.5421,2.5542,2.5598,2.5616,2.5624,2.4784,2.5115,2.5314,2.5504,2.5607,2.5629,2.526,2.5537,2.5612,2.5146,2.5333,2.5555,2.5617,2.5378,2.5567,2.5382,2.5504,2.5255,2.5035
2026-06-03,2.1815,2.3147,2.3957,2.4451,2.4751,2.4941,2.5056,2.512,2.5167,2.2473,2.3548,2.4201,2.4599,2.4845,2.4998,2.5088,2.5144,2.5198,2.5232,2.359,2.4228,2.4618,2.5002,2.5146,2.5217,2.5244,2.5256,2.4295,2.4659,2.4882,2.5103,2.523,2.5258,2.4828,2.5144,2.5238,2.4708,2.4914,2.5167,2.5242,2.4967,2.5182,2.4972,2.5112,2.4833,2.4597
2026-06-04,2.2346,2.3704,2.45,2.4968,2.5245,2.5406,2.55,2.5548,2.5591,2.3017,2.4097,2.4731,2.5105,2.5324,2.5452,2.5524,2.5569,2.5614,2.563,2.4118,2.4744,2.5111,2.5454,2.5572,2.5623,2.5647,2.5654,2.4779,2.5132,2.5339,2.5533,2.5635,2.5657,2.5279,2.5566,2.564,2.5155,2.5355,2.5584,2.5644,2.5401,2.5596,2.5403,2.5529,2.5268,2.503
2026-06-05,2.2545,2.3872,2.4661,2.5126,2.5405,2.557,2.5666,2.573,2.5762,2.32,2.4262,2.4891,2.5264,2.5486,2.5617,2.5698,2.5746,2.5788,2.5805,2.4288,2.4906,2.5273,2.5622,2.5745,2.5798,2.5822,2.5832,2.4949,2.5299,2.5507,2.5704,2.5809,2.5836,2.5449,2.5739,2.5816,2.5327,2.5526,2.5758,2.5821,2.5573,2.577,2.5576,2.5704,2.5442,2.5207
2026-06-08,2.2789,2.4125,2.4915,2.5386,2.5665,2.5827,2.5926,2.5982,2.6025,2.3449,2.4515,2.5147,2.5524,2.5745,2.5876,2.5953,2.6003,2.6048,2.6065,2.4541,2.5163,2.5531,2.588,2.6004,2.6058,2.6082,2.6089,2.5205,2.5557,2.5765,2.5963,2.6069,2.6096,2.5707,2.5998,2.6075,2.5584,2.5784,2.6016,2.6081,2.583,2.603,2.5834,2.5963,2.5699,2.5462
2026-06-09,2.403,2.5311,2.6054,2.6479,2.6727,2.6874,2.6944,2.7005,2.7021,2.4662,2.5678,2.6264,2.6601,2.6799,2.6908,2.6974,2.7013,2.7044,2.7055,2.5686,2.6269,2.6604,2.691,2.701,2.705,2.7067,2.708,2.6288,2.6615,2.6804,2.6976,2.7058,2.7081,2.6744,2.7002,2.7064,2.6624,2.681,2.7018,2.7068,2.6851,2.7027,2.6852,2.6966,2.6725,2.6497
2026-06-10,2.379,2.5084,2.5815,2.6226,2.6456,2.6576,2.6653,2.6687,2.6703,2.4429,2.5445,2.6018,2.634,2.6516,2.6614,2.667,2.6695,2.6719,2.6723,2.5441,2.6013,2.6335,2.6612,2.6695,2.6721,2.6735,2.674,2.6013,2.6332,2.651,2.6663,2.6728,2.6744,2.6447,2.6684,2.6731,2.6325,2.6506,2.6695,2.6735,2.6541,2.6703,2.6541,2.6643,2.6418,2.619
2026-06-11,2.3789,2.5001,2.5669,2.6028,2.6222,2.6321,2.6375,2.6397,2.6421,2.4387,2.5331,2.5846,2.6124,2.6271,2.6348,2.6386,2.6409,2.6416,2.642,2.5312,2.5832,2.6114,2.6345,2.6405,2.6418,2.6421,2.6429,2.5814,2.61,2.6254,2.6379,2.642,2.6432,2.6193,2.6391,2.6422,2.6078,2.624,2.6399,2.6425,2.6269,2.6404,2.6266,2.6351,2.6156,2.5946
2026-06-12,2.3659,2.4848,2.5487,2.5828,2.6,2.6092,2.6129,2.6143,2.6151,2.4246,2.5164,2.5655,2.5913,2.6046,2.611,2.6136,2.6147,2.6156,2.6154,2.5136,2.5636,2.5899,2.6101,2.6147,2.6155,2.6154,2.6156,2.5603,2.5875,2.6018,2.6126,2.6154,2.616,2.5956,2.6134,2.6155,2.5843,2.5997,2.6139,2.6157,2.6021,2.6143,2.6018,2.6092,2.5913,2.5709
2026-06-15,2.3634,2.4886,2.558,2.5966,2.6162,2.6277,2.6336,2.6356,2.6371,2.4253,2.5229,2.577,2.6063,2.6219,2.6306,2.6346,2.6363,2.6387,2.6385,2.5214,2.5757,2.6055,2.6298,2.6366,2.6386,2.6391,2.6397,2.5743,2.6042,2.6205,2.6339,2.6388,2.6398,2.6142,2.6354,2.6391,2.6024,2.6193,2.6363,2.6392,2.6224,2.6368,2.6222,2.6312,2.6107,2.5889
2026-06-16,2.3521,2.4782,2.5473,2.5849,2.6052,2.6154,2.6202,2.6237,2.6241,2.4144,2.5123,2.5659,2.5949,2.6102,2.6178,2.6219,2.6239,2.6253,2.6251,2.5104,2.5645,2.5937,2.6175,2.6237,2.6252,2.6252,2.6264,2.5624,2.5922,2.6082,2.6211,2.6252,2.6263,2.6018,2.6223,2.6255,2.5898,2.6066,2.6231,2.6257,2.6096,2.6236,2.6093,2.618,2.5979,2.5761
2026-06-17,2.3401,2.4725,2.5456,2.586,2.6071,2.6185,2.6244,2.6274,2.6296,2.4055,2.5086,2.5655,2.5964,2.6127,2.6214,2.6259,2.6285,2.6295,2.6299,2.507,2.5641,2.5953,2.6211,2.628,2.6297,2.6305,2.6309,2.5626,2.594,2.6111,2.6251,2.6301,2.6317,2.6046,2.6267,2.6303,2.592,2.6099,2.6276,2.6308,2.6131,2.6283,2.613,2.6224,2.6009,2.5779
